{
    "Position": 25283432,
    "Index": 919,
    "Name": "B0000011.RDB",
    "Type": "Rdb",
    "RmbBlock": {
        "FldHeader": {
            "NumBlockDataRecords": 0,
            "NumMisc3dObjectRecords": 0,
            "NumMiscFlatObjectRecords": 0,
            "BlockPositions": null,
            "BuildingDataList": null,
            "BlockDataSizes": null,
            "GroundData": {

            },
            "AutoMapData": null,
            "Name": null,
            "OtherNames": null
        },
        "SubRecords": null,
        "Misc3dObjectRecords": null,
        "MiscFlatObjectRecords": null
    },
    "RdbBlock": {
        "ModelReferenceList": [
            {
                "ModelId": "61018",
                "ModelIdNum": 61018,
                "Description": "C0D"
            },
            {
                "ModelId": "61019",
                "ModelIdNum": 61019,
                "Description": "C09"
            },
            {
                "ModelId": "61011",
                "ModelIdNum": 61011,
                "Description": "C01"
            },
            {
                "ModelId": "61020",
                "ModelIdNum": 61020,
                "Description": "C09"
            },
            {
                "ModelId": "61013",
                "ModelIdNum": 61013,
                "Description": "C08"
            },
            {
                "ModelId": "61004",
                "ModelIdNum": 61004,
                "Description": "C0J"
            },
            {
                "ModelId": "61021",
                "ModelIdNum": 61021,
                "Description": "C09"
            },
            {
                "ModelId": "70037",
                "ModelIdNum": 70037,
                "Description": "101"
            },
            {
                "ModelId": "70007",
                "ModelIdNum": 70007,
                "Description": "011"
            },
            {
                "ModelId": "61030",
                "ModelIdNum": 61030,
                "Description": "C5O"
            },
            {
                "ModelId": "61002",
                "ModelIdNum": 61002,
                "Description": "C0I"
            },
            {
                "ModelId": "61003",
                "ModelIdNum": 61003,
                "Description": "C00"
            },
            {
                "ModelId": "70506",
                "ModelIdNum": 70506,
                "Description": "012"
            },
            {
                "ModelId": "60500",
                "ModelIdNum": 60500,
                "Description": "C0O"
            },
            {
                "ModelId": "70800",
                "ModelIdNum": 70800,
                "Description": "022"
            },
            {
                "ModelId": "55002",
                "ModelIdNum": 55002,
                "Description": "DOR"
            },
            {
                "ModelId": "55004",
                "ModelIdNum": 55004,
                "Description": "DOR"
            },
            {
                "ModelId": "55005",
                "ModelIdNum": 55005,
                "Description": "DOR"
            }
        ],
        "ObjectRootList": [
            {
                "RdbObjects": [
                    {
                        "Position": 12077,
                        "Index": 0,
                        "XPos": 383,
                        "YPos": -1303,
                        "ZPos": 402,
                        "Type": "Flat",
                        "Resources": {
                            "FlatResource": {
                                "Position": 12102,
                                "TextureArchive": 199,
                                "TextureRecord": 15,
                                "Flags": 6,
                                "Magnitude": 0,
                                "SoundIndex": 6,
                                "FactionOrMobileId": 1536,
                                "NextObjectOffset": 0,
                                "Action": 0
                            }
                        }
                    },
                    {
                        "Position": 9596,
                        "Index": 1,
                        "XPos": 664,
                        "YPos": -1280,
                        "ZPos": 0,
                        "Type": "Model",
                        "Resources": {
                            "ModelResource": {
                                "XRotation": 0,
                                "YRotation": -1024,
                                "ZRotation": 0,
                                "ModelIndex": 17,
                                "TriggerFlag_StartingLock": 0,
                                "SoundIndex": 0,
                                "ActionResource": {
                                    "Position": 0,
                                    "Axis": 0,
                                    "Duration": 0,
                                    "Magnitude": 0,
                                    "NextObjectOffset": 0,
                                    "PreviousObjectOffset": -1,
                                    "NextObjectIndex": -1,
                                    "Flags": 0
                                }
                            }
                        }
                    },
                    {
                        "Position": 9644,
                        "Index": 2,
                        "XPos": 880,
                        "YPos": -1352,
                        "ZPos": 128,
                        "Type": "Flat",
                        "Resources": {
                            "FlatResource": {
                                "Position": 9669,
                                "TextureArchive": 210,
                                "TextureRecord": 17,
                                "Flags": 0,
                                "Magnitude": 0,
                                "SoundIndex": 0,
                                "FactionOrMobileId": 0,
                                "NextObjectOffset": -2,
                                "Action": 0
                            }
                        }
                    },
                    {
                        "Position": 9680,
                        "Index": 3,
                        "XPos": 864,
                        "YPos": -1360,
                        "ZPos": 128,
                        "Type": "Light",
                        "Resources": {
                            "LightResource": {
                                "Unknown1": 32,
                                "Unknown2": 4294967294,
                                "Radius": 80
                            }
                        }
                    },
                    {
                        "Position": 9715,
                        "Index": 4,
                        "XPos": 80,
                        "YPos": -1352,
                        "ZPos": 336,
                        "Type": "Flat",
                        "Resources": {
                            "FlatResource": {
                                "Position": 9740,
                                "TextureArchive": 210,
                                "TextureRecord": 17,
                                "Flags": 0,
                                "Magnitude": 0,
                                "SoundIndex": 0,
                                "FactionOrMobileId": 0,
                                "NextObjectOffset": -2,
                                "Action": 0
                            }
                        }
                    },
                    {
                        "Position": 9751,
                        "Index": 5,
                        "XPos": 96,
                        "YPos": -1360,
                        "ZPos": 352,
                        "Type": "Light",
                        "Resources": {
                            "LightResource": {
                                "Unknown1": 32,
                                "Unknown2": 4294967294,
                                "Radius": 80
                            }
                        }
                    },
                    {
                        "Position": 9786,
                        "Index": 6,
                        "XPos": 944,
                        "YPos": -1096,
                        "ZPos": 864,
                        "Type": "Flat",
                        "Resources": {
                            "FlatResource": {
                                "Position": 9811,
                                "TextureArchive": 210,
                                "TextureRecord": 17,
                                "Flags": 0,
                                "Magnitude": 0,
                                "SoundIndex": 0,
                                "FactionOrMobileId": 0,
                                "NextObjectOffset": -2,
                                "Action": 0
                            }
                        }
                    },
                    {
                        "Position": 9822,
                        "Index": 7,
                        "XPos": 928,
                        "YPos": -1104,
                        "ZPos": 864,
                        "Type": "Light",
                        "Resources": {
                            "LightResource": {
                                "Unknown1": 32,
                                "Unknown2": 4294967294,
                                "Radius": 80
                            }
                        }
                    },
                    {
                        "Position": 9857,
                        "Index": 8,
                        "XPos": 432,
                        "YPos": -1096,
                        "ZPos": 808,
                        "Type": "Flat",
                        "Resources": {
                            "FlatResource": {
                                "Position": 9882,
                                "TextureArchive": 210,
                                "TextureRecord": 17,
                                "Flags": 0,
                                "Magnitude": 0,
                                "SoundIndex": 0,
                                "FactionOrMobileId": 0,
                                "NextObjectOffset": -2,
                                "Action": 0
                            }
                        }
                    },
                    {
                        "Position": 9893,
                        "Index": 9,
                        "XPos": 416,
                        "YPos": -1104,
                        "ZPos": 816,
                        "Type": "Light",
                        "Resources": {
                            "LightResource": {
                                "Unknown1": 32,
                                "Unknown2": 4294967294,
                                "Radius": 80
                            }
                        }
                    },
                    {
                        "Position": 9928,
                        "Index": 10,
                        "XPos": 0,
                        "YPos": -1280,
                        "ZPos": 616,
                        "Type": "Model",
                        "Resources": {
                            "ModelResource": {
                                "XRotation": 0,
                                "YRotation": 512,
                                "ZRotation": 0,
                                "ModelIndex": 16,
                                "TriggerFlag_StartingLock": 0,
                                "SoundIndex": 0,
                                "ActionResource": {
                                    "Position": 0,
                                    "Axis": 0,
                                    "Duration": 0,
                                    "Magnitude": 0,
                                    "NextObjectOffset": 0,
                                    "PreviousObjectOffset": -1,
                                    "NextObjectIndex": -1,
                                    "Flags": 0
                                }
                            }
                        }
                    },
                    {
                        "Position": 9976,
                        "Index": 11,
                        "XPos": 384,
                        "YPos": -1024,
                        "ZPos": 640,
                        "Type": "Model",
                        "Resources": {
                            "ModelResource": {
                                "XRotation": 0,
                                "YRotation": -3072,
                                "ZRotation": 0,
                                "ModelIndex": 0,
                                "TriggerFlag_StartingLock": 0,
                                "SoundIndex": 0,
                                "ActionResource": {
                                    "Position": 0,
                                    "Axis": 0,
                                    "Duration": 0,
                                    "Magnitude": 0,
                                    "NextObjectOffset": 0,
                                    "PreviousObjectOffset": -1,
                                    "NextObjectIndex": -1,
                                    "Flags": 0
                                }
                            }
                        }
                    },
                    {
                        "Position": 10024,
                        "Index": 12,
                        "XPos": 384,
                        "YPos": -1280,
                        "ZPos": 384,
                        "Type": "Model",
                        "Resources": {
                            "ModelResource": {
                                "XRotation": 0,
                                "YRotation": -3072,
                                "ZRotation": 0,
                                "ModelIndex": 10,
                                "TriggerFlag_StartingLock": 0,
                                "SoundIndex": 0,
                                "ActionResource": {
                                    "Position": 0,
                                    "Axis": 0,
                                    "Duration": 0,
                                    "Magnitude": 0,
                                    "NextObjectOffset": 0,
                                    "PreviousObjectOffset": -1,
                                    "NextObjectIndex": -1,
                                    "Flags": 0
                                }
                            }
                        }
                    },
                    {
                        "Position": 10072,
                        "Index": 13,
                        "XPos": 128,
                        "YPos": -1280,
                        "ZPos": 384,
                        "Type": "Model",
                        "Resources": {
                            "ModelResource": {
                                "XRotation": 0,
                                "YRotation": -3584,
                                "ZRotation": 0,
                                "ModelIndex": 10,
                                "TriggerFlag_StartingLock": 0,
                                "SoundIndex": 0,
                                "ActionResource": {
                                    "Position": 0,
                                    "Axis": 0,
                                    "Duration": 0,
                                    "Magnitude": 0,
                                    "NextObjectOffset": 0,
                                    "PreviousObjectOffset": -1,
                                    "NextObjectIndex": -1,
                                    "Flags": 0
                                }
                            }
                        }
                    },
                    {
                        "Position": 10120,
                        "Index": 14,
                        "XPos": 128,
                        "YPos": -1280,
                        "ZPos": 640,
                        "Type": "Model",
                        "Resources": {
                            "ModelResource": {
                                "XRotation": 0,
                                "YRotation": -1024,
                                "ZRotation": 0,
                                "ModelIndex": 3,
                                "TriggerFlag_StartingLock": 0,
                                "SoundIndex": 0,
                                "ActionResource": {
                                    "Position": 0,
                                    "Axis": 0,
                                    "Duration": 0,
                                    "Magnitude": 0,
                                    "NextObjectOffset": 0,
                                    "PreviousObjectOffset": -1,
                                    "NextObjectIndex": -1,
                                    "Flags": 0
                                }
                            }
                        }
                    },
                    {
                        "Position": 10168,
                        "Index": 15,
                        "XPos": 896,
                        "YPos": -1280,
                        "ZPos": 128,
                        "Type": "Model",
                        "Resources": {
                            "ModelResource": {
                                "XRotation": 0,
                                "YRotation": -2560,
                                "ZRotation": 0,
                                "ModelIndex": 4,
                                "TriggerFlag_StartingLock": 0,
                                "SoundIndex": 0,
                                "ActionResource": {
                                    "Position": 0,
                                    "Axis": 0,
                                    "Duration": 0,
                                    "Magnitude": 0,
                                    "NextObjectOffset": 0,
                                    "PreviousObjectOffset": -1,
                                    "NextObjectIndex": -1,
                                    "Flags": 0
                                }
                            }
                        }
                    },
                    {
                        "Position": 10216,
                        "Index": 16,
                        "XPos": 576,
                        "YPos": -1024,
                        "ZPos": 896,
                        "Type": "Model",
                        "Resources": {
                            "ModelResource": {
                                "XRotation": 0,
                                "YRotation": -1536,
                                "ZRotation": 0,
                                "ModelIndex": 12,
                                "TriggerFlag_StartingLock": 0,
                                "SoundIndex": 0,
                                "ActionResource": {
                                    "Position": 0,
                                    "Axis": 0,
                                    "Duration": 0,
                                    "Magnitude": 0,
                                    "NextObjectOffset": 0,
                                    "PreviousObjectOffset": -1,
                                    "NextObjectIndex": -1,
                                    "Flags": 0
                                }
                            }
                        }
                    },
                    {
                        "Position": 10264,
                        "Index": 17,
                        "XPos": 640,
                        "YPos": -1280,
                        "ZPos": 128,
                        "Type": "Model",
                        "Resources": {
                            "ModelResource": {
                                "XRotation": 0,
                                "YRotation": -512,
                                "ZRotation": 0,
                                "ModelIndex": 3,
                                "TriggerFlag_StartingLock": 0,
                                "SoundIndex": 0,
                                "ActionResource": {
                                    "Position": 0,
                                    "Axis": 0,
                                    "Duration": 0,
                                    "Magnitude": 0,
                                    "NextObjectOffset": 0,
                                    "PreviousObjectOffset": -1,
                                    "NextObjectIndex": -1,
                                    "Flags": 0
                                }
                            }
                        }
                    },
                    {
                        "Position": 10312,
                        "Index": 18,
                        "XPos": 384,
                        "YPos": -1024,
                        "ZPos": 896,
                        "Type": "Model",
                        "Resources": {
                            "ModelResource": {
                                "XRotation": 0,
                                "YRotation": 0,
                                "ZRotation": 0,
                                "ModelIndex": 2,
                                "TriggerFlag_StartingLock": 0,
                                "SoundIndex": 0,
                                "ActionResource": {
                                    "Position": 0,
                                    "Axis": 0,
                                    "Duration": 0,
                                    "Magnitude": 0,
                                    "NextObjectOffset": 0,
                                    "PreviousObjectOffset": -1,
                                    "NextObjectIndex": -1,
                                    "Flags": 0
                                }
                            }
                        }
                    }
                ]
            },
            {
                "RdbObjects": [
                    {
                        "Position": 12149,
                        "Index": 0,
                        "XPos": 1979,
                        "YPos": -1302,
                        "ZPos": 895,
                        "Type": "Flat",
                        "Resources": {
                            "FlatResource": {
                                "Position": 12174,
                                "TextureArchive": 199,
                                "TextureRecord": 15,
                                "Flags": 2,
                                "Magnitude": 0,
                                "SoundIndex": 2,
                                "FactionOrMobileId": 512,
                                "NextObjectOffset": 0,
                                "Action": 0
                            }
                        }
                    },
                    {
                        "Position": 12113,
                        "Index": 1,
                        "XPos": 1664,
                        "YPos": -533,
                        "ZPos": 688,
                        "Type": "Flat",
                        "Resources": {
                            "FlatResource": {
                                "Position": 12138,
                                "TextureArchive": 199,
                                "TextureRecord": 15,
                                "Flags": 3,
                                "Magnitude": 0,
                                "SoundIndex": 3,
                                "FactionOrMobileId": 768,
                                "NextObjectOffset": 0,
                                "Action": 0
                            }
                        }
                    },
                    {
                        "Position": 10360,
                        "Index": 2,
                        "XPos": 1432,
                        "YPos": -512,
                        "ZPos": 0,
                        "Type": "Model",
                        "Resources": {
                            "ModelResource": {
                                "XRotation": 0,
                                "YRotation": -1024,
                                "ZRotation": 0,
                                "ModelIndex": 17,
                                "TriggerFlag_StartingLock": 0,
                                "SoundIndex": 0,
                                "ActionResource": {
                                    "Position": 0,
                                    "Axis": 0,
                                    "Duration": 0,
                                    "Magnitude": 0,
                                    "NextObjectOffset": 0,
                                    "PreviousObjectOffset": -1,
                                    "NextObjectIndex": -1,
                                    "Flags": 0
                                }
                            }
                        }
                    },
                    {
                        "Position": 10408,
                        "Index": 3,
                        "XPos": 1712,
                        "YPos": -592,
                        "ZPos": 384,
                        "Type": "Flat",
                        "Resources": {
                            "FlatResource": {
                                "Position": 10433,
                                "TextureArchive": 210,
                                "TextureRecord": 17,
                                "Flags": 0,
                                "Magnitude": 0,
                                "SoundIndex": 0,
                                "FactionOrMobileId": 0,
                                "NextObjectOffset": -2,
                                "Action": 0
                            }
                        }
                    },
                    {
                        "Position": 10444,
                        "Index": 4,
                        "XPos": 1696,
                        "YPos": -592,
                        "ZPos": 384,
                        "Type": "Light",
                        "Resources": {
                            "LightResource": {
                                "Unknown1": 32,
                                "Unknown2": 4294967294,
                                "Radius": 80
                            }
                        }
                    },
                    {
                        "Position": 10479,
                        "Index": 5,
                        "XPos": 1984,
                        "YPos": -1280,
                        "ZPos": 640,
                        "Type": "Model",
                        "Resources": {
                            "ModelResource": {
                                "XRotation": 0,
                                "YRotation": -512,
                                "ZRotation": 0,
                                "ModelIndex": 14,
                                "TriggerFlag_StartingLock": 0,
                                "SoundIndex": 0,
                                "ActionResource": {
                                    "Position": 0,
                                    "Axis": 0,
                                    "Duration": 0,
                                    "Magnitude": 0,
                                    "NextObjectOffset": 0,
                                    "PreviousObjectOffset": -1,
                                    "NextObjectIndex": -1,
                                    "Flags": 0
                                }
                            }
                        }
                    },
                    {
                        "Position": 10527,
                        "Index": 6,
                        "XPos": 1472,
                        "YPos": -512,
                        "ZPos": 384,
                        "Type": "Model",
                        "Resources": {
                            "ModelResource": {
                                "XRotation": 0,
                                "YRotation": -512,
                                "ZRotation": 0,
                                "ModelIndex": 8,
                                "TriggerFlag_StartingLock": 0,
                                "SoundIndex": 0,
                                "ActionResource": {
                                    "Position": 0,
                                    "Axis": 0,
                                    "Duration": 0,
                                    "Magnitude": 0,
                                    "NextObjectOffset": 0,
                                    "PreviousObjectOffset": -1,
                                    "NextObjectIndex": -1,
                                    "Flags": 0
                                }
                            }
                        }
                    },
                    {
                        "Position": 10575,
                        "Index": 7,
                        "XPos": 1664,
                        "YPos": -512,
                        "ZPos": 576,
                        "Type": "Model",
                        "Resources": {
                            "ModelResource": {
                                "XRotation": 0,
                                "YRotation": -1024,
                                "ZRotation": 0,
                                "ModelIndex": 7,
                                "TriggerFlag_StartingLock": 0,
                                "SoundIndex": 0,
                                "ActionResource": {
                                    "Position": 0,
                                    "Axis": 0,
                                    "Duration": 0,
                                    "Magnitude": 0,
                                    "NextObjectOffset": 0,
                                    "PreviousObjectOffset": -1,
                                    "NextObjectIndex": -1,
                                    "Flags": 0
                                }
                            }
                        }
                    },
                    {
                        "Position": 10623,
                        "Index": 8,
                        "XPos": 1664,
                        "YPos": -512,
                        "ZPos": 384,
                        "Type": "Model",
                        "Resources": {
                            "ModelResource": {
                                "XRotation": 0,
                                "YRotation": -1536,
                                "ZRotation": 0,
                                "ModelIndex": 6,
                                "TriggerFlag_StartingLock": 0,
                                "SoundIndex": 0,
                                "ActionResource": {
                                    "Position": 0,
                                    "Axis": 0,
                                    "Duration": 0,
                                    "Magnitude": 0,
                                    "NextObjectOffset": 0,
                                    "PreviousObjectOffset": -1,
                                    "NextObjectIndex": -1,
                                    "Flags": 0
                                }
                            }
                        }
                    },
                    {
                        "Position": 10671,
                        "Index": 9,
                        "XPos": 1664,
                        "YPos": -512,
                        "ZPos": 128,
                        "Type": "Model",
                        "Resources": {
                            "ModelResource": {
                                "XRotation": 0,
                                "YRotation": -1024,
                                "ZRotation": 0,
                                "ModelIndex": 5,
                                "TriggerFlag_StartingLock": 0,
                                "SoundIndex": 0,
                                "ActionResource": {
                                    "Position": 0,
                                    "Axis": 0,
                                    "Duration": 0,
                                    "Magnitude": 0,
                                    "NextObjectOffset": 0,
                                    "PreviousObjectOffset": -1,
                                    "NextObjectIndex": -1,
                                    "Flags": 0
                                }
                            }
                        }
                    },
                    {
                        "Position": 10719,
                        "Index": 10,
                        "XPos": 1408,
                        "YPos": -512,
                        "ZPos": 128,
                        "Type": "Model",
                        "Resources": {
                            "ModelResource": {
                                "XRotation": 0,
                                "YRotation": -512,
                                "ZRotation": 0,
                                "ModelIndex": 3,
                                "TriggerFlag_StartingLock": 0,
                                "SoundIndex": 0,
                                "ActionResource": {
                                    "Position": 0,
                                    "Axis": 0,
                                    "Duration": 0,
                                    "Magnitude": 0,
                                    "NextObjectOffset": 0,
                                    "PreviousObjectOffset": -1,
                                    "NextObjectIndex": -1,
                                    "Flags": 0
                                }
                            }
                        }
                    }
                ]
            },
            {
                "RdbObjects": null
            },
            {
                "RdbObjects": null
            },
            {
                "RdbObjects": [
                    {
                        "Position": 12041,
                        "Index": 0,
                        "XPos": 246,
                        "YPos": -792,
                        "ZPos": 1913,
                        "Type": "Flat",
                        "Resources": {
                            "FlatResource": {
                                "Position": 12066,
                                "TextureArchive": 199,
                                "TextureRecord": 15,
                                "Flags": 4,
                                "Magnitude": 0,
                                "SoundIndex": 6,
                                "FactionOrMobileId": 1536,
                                "NextObjectOffset": 0,
                                "Action": 0
                            }
                        }
                    },
                    {
                        "Position": 10767,
                        "Index": 1,
                        "XPos": 384,
                        "YPos": -896,
                        "ZPos": 1408,
                        "Type": "Model",
                        "Resources": {
                            "ModelResource": {
                                "XRotation": 0,
                                "YRotation": 0,
                                "ZRotation": 0,
                                "ModelIndex": 11,
                                "TriggerFlag_StartingLock": 0,
                                "SoundIndex": 0,
                                "ActionResource": {
                                    "Position": 0,
                                    "Axis": 0,
                                    "Duration": 0,
                                    "Magnitude": 0,
                                    "NextObjectOffset": 0,
                                    "PreviousObjectOffset": -1,
                                    "NextObjectIndex": -1,
                                    "Flags": 0
                                }
                            }
                        }
                    },
                    {
                        "Position": 10815,
                        "Index": 2,
                        "XPos": 384,
                        "YPos": -896,
                        "ZPos": 1152,
                        "Type": "Model",
                        "Resources": {
                            "ModelResource": {
                                "XRotation": 0,
                                "YRotation": -1024,
                                "ZRotation": 0,
                                "ModelIndex": 13,
                                "TriggerFlag_StartingLock": 0,
                                "SoundIndex": 0,
                                "ActionResource": {
                                    "Position": 0,
                                    "Axis": 0,
                                    "Duration": 0,
                                    "Magnitude": 0,
                                    "NextObjectOffset": 0,
                                    "PreviousObjectOffset": -1,
                                    "NextObjectIndex": -1,
                                    "Flags": 0
                                }
                            }
                        }
                    },
                    {
                        "Position": 10863,
                        "Index": 3,
                        "XPos": 592,
                        "YPos": -1352,
                        "ZPos": 1872,
                        "Type": "Flat",
                        "Resources": {
                            "FlatResource": {
                                "Position": 10888,
                                "TextureArchive": 210,
                                "TextureRecord": 17,
                                "Flags": 0,
                                "Magnitude": 0,
                                "SoundIndex": 0,
                                "FactionOrMobileId": 0,
                                "NextObjectOffset": -2,
                                "Action": 0
                            }
                        }
                    },
                    {
                        "Position": 10899,
                        "Index": 4,
                        "XPos": 608,
                        "YPos": -1360,
                        "ZPos": 1888,
                        "Type": "Light",
                        "Resources": {
                            "LightResource": {
                                "Unknown1": 32,
                                "Unknown2": 4294967294,
                                "Radius": 80
                            }
                        }
                    },
                    {
                        "Position": 10934,
                        "Index": 5,
                        "XPos": 288,
                        "YPos": -840,
                        "ZPos": 1968,
                        "Type": "Flat",
                        "Resources": {
                            "FlatResource": {
                                "Position": 10959,
                                "TextureArchive": 210,
                                "TextureRecord": 17,
                                "Flags": 0,
                                "Magnitude": 0,
                                "SoundIndex": 0,
                                "FactionOrMobileId": 0,
                                "NextObjectOffset": -2,
                                "Action": 0
                            }
                        }
                    },
                    {
                        "Position": 10970,
                        "Index": 6,
                        "XPos": 288,
                        "YPos": -848,
                        "ZPos": 1952,
                        "Type": "Light",
                        "Resources": {
                            "LightResource": {
                                "Unknown1": 32,
                                "Unknown2": 4294967294,
                                "Radius": 80
                            }
                        }
                    },
                    {
                        "Position": 11005,
                        "Index": 7,
                        "XPos": 160,
                        "YPos": -592,
                        "ZPos": 1424,
                        "Type": "Light",
                        "Resources": {
                            "LightResource": {
                                "Unknown1": 32,
                                "Unknown2": 0,
                                "Radius": 80
                            }
                        }
                    },
                    {
                        "Position": 11040,
                        "Index": 8,
                        "XPos": 176,
                        "YPos": -584,
                        "ZPos": 1424,
                        "Type": "Flat",
                        "Resources": {
                            "FlatResource": {
                                "Position": 11065,
                                "TextureArchive": 210,
                                "TextureRecord": 17,
                                "Flags": 0,
                                "Magnitude": 0,
                                "SoundIndex": 0,
                                "FactionOrMobileId": 0,
                                "NextObjectOffset": 0,
                                "Action": 0
                            }
                        }
                    },
                    {
                        "Position": 11076,
                        "Index": 9,
                        "XPos": 0,
                        "YPos": -512,
                        "ZPos": 1384,
                        "Type": "Model",
                        "Resources": {
                            "ModelResource": {
                                "XRotation": 0,
                                "YRotation": -1536,
                                "ZRotation": 0,
                                "ModelIndex": 16,
                                "TriggerFlag_StartingLock": 0,
                                "SoundIndex": 0,
                                "ActionResource": {
                                    "Position": 0,
                                    "Axis": 0,
                                    "Duration": 0,
                                    "Magnitude": 0,
                                    "NextObjectOffset": 0,
                                    "PreviousObjectOffset": -1,
                                    "NextObjectIndex": -1,
                                    "Flags": 0
                                }
                            }
                        }
                    },
                    {
                        "Position": 11124,
                        "Index": 10,
                        "XPos": 384,
                        "YPos": -768,
                        "ZPos": 1664,
                        "Type": "Model",
                        "Resources": {
                            "ModelResource": {
                                "XRotation": 0,
                                "YRotation": -1024,
                                "ZRotation": 0,
                                "ModelIndex": 13,
                                "TriggerFlag_StartingLock": 0,
                                "SoundIndex": 0,
                                "ActionResource": {
                                    "Position": 0,
                                    "Axis": 0,
                                    "Duration": 0,
                                    "Magnitude": 0,
                                    "NextObjectOffset": 0,
                                    "PreviousObjectOffset": -1,
                                    "NextObjectIndex": -1,
                                    "Flags": 0
                                }
                            }
                        }
                    },
                    {
                        "Position": 11172,
                        "Index": 11,
                        "XPos": 128,
                        "YPos": -512,
                        "ZPos": 1664,
                        "Type": "Model",
                        "Resources": {
                            "ModelResource": {
                                "XRotation": 0,
                                "YRotation": -4096,
                                "ZRotation": 0,
                                "ModelIndex": 0,
                                "TriggerFlag_StartingLock": 0,
                                "SoundIndex": 0,
                                "ActionResource": {
                                    "Position": 0,
                                    "Axis": 0,
                                    "Duration": 0,
                                    "Magnitude": 0,
                                    "NextObjectOffset": 0,
                                    "PreviousObjectOffset": -1,
                                    "NextObjectIndex": -1,
                                    "Flags": 0
                                }
                            }
                        }
                    },
                    {
                        "Position": 11220,
                        "Index": 12,
                        "XPos": 384,
                        "YPos": -768,
                        "ZPos": 1920,
                        "Type": "Model",
                        "Resources": {
                            "ModelResource": {
                                "XRotation": 0,
                                "YRotation": -2560,
                                "ZRotation": 0,
                                "ModelIndex": 10,
                                "TriggerFlag_StartingLock": 0,
                                "SoundIndex": 0,
                                "ActionResource": {
                                    "Position": 0,
                                    "Axis": 0,
                                    "Duration": 0,
                                    "Magnitude": 0,
                                    "NextObjectOffset": 0,
                                    "PreviousObjectOffset": -1,
                                    "NextObjectIndex": -1,
                                    "Flags": 0
                                }
                            }
                        }
                    },
                    {
                        "Position": 11268,
                        "Index": 13,
                        "XPos": 128,
                        "YPos": -768,
                        "ZPos": 1920,
                        "Type": "Model",
                        "Resources": {
                            "ModelResource": {
                                "XRotation": 0,
                                "YRotation": -2048,
                                "ZRotation": 0,
                                "ModelIndex": 10,
                                "TriggerFlag_StartingLock": 0,
                                "SoundIndex": 0,
                                "ActionResource": {
                                    "Position": 0,
                                    "Axis": 0,
                                    "Duration": 0,
                                    "Magnitude": 0,
                                    "NextObjectOffset": 0,
                                    "PreviousObjectOffset": -1,
                                    "NextObjectIndex": -1,
                                    "Flags": 0
                                }
                            }
                        }
                    },
                    {
                        "Position": 11316,
                        "Index": 14,
                        "XPos": 128,
                        "YPos": -512,
                        "ZPos": 1408,
                        "Type": "Model",
                        "Resources": {
                            "ModelResource": {
                                "XRotation": 0,
                                "YRotation": -2048,
                                "ZRotation": 0,
                                "ModelIndex": 1,
                                "TriggerFlag_StartingLock": 0,
                                "SoundIndex": 0,
                                "ActionResource": {
                                    "Position": 0,
                                    "Axis": 0,
                                    "Duration": 0,
                                    "Magnitude": 0,
                                    "NextObjectOffset": 0,
                                    "PreviousObjectOffset": -1,
                                    "NextObjectIndex": -1,
                                    "Flags": 0
                                }
                            }
                        }
                    },
                    {
                        "Position": 11364,
                        "Index": 15,
                        "XPos": 640,
                        "YPos": -1280,
                        "ZPos": 1920,
                        "Type": "Model",
                        "Resources": {
                            "ModelResource": {
                                "XRotation": 0,
                                "YRotation": -512,
                                "ZRotation": 0,
                                "ModelIndex": 1,
                                "TriggerFlag_StartingLock": 0,
                                "SoundIndex": 0,
                                "ActionResource": {
                                    "Position": 0,
                                    "Axis": 0,
                                    "Duration": 0,
                                    "Magnitude": 0,
                                    "NextObjectOffset": 0,
                                    "PreviousObjectOffset": -1,
                                    "NextObjectIndex": -1,
                                    "Flags": 0
                                }
                            }
                        }
                    }
                ]
            },
            {
                "RdbObjects": [
                    {
                        "Position": 11412,
                        "Index": 0,
                        "XPos": 1024,
                        "YPos": -960,
                        "ZPos": 1920,
                        "Type": "Model",
                        "Resources": {
                            "ModelResource": {
                                "XRotation": 0,
                                "YRotation": -1536,
                                "ZRotation": 0,
                                "ModelIndex": 9,
                                "TriggerFlag_StartingLock": 0,
                                "SoundIndex": 0,
                                "ActionResource": {
                                    "Position": 0,
                                    "Axis": 0,
                                    "Duration": 0,
                                    "Magnitude": 0,
                                    "NextObjectOffset": 0,
                                    "PreviousObjectOffset": -1,
                                    "NextObjectIndex": -1,
                                    "Flags": 0
                                }
                            }
                        }
                    },
                    {
                        "Position": 11460,
                        "Index": 1,
                        "XPos": 1328,
                        "YPos": -576,
                        "ZPos": 1868,
                        "Type": "Flat",
                        "Resources": {
                            "FlatResource": {
                                "Position": 11485,
                                "TextureArchive": 210,
                                "TextureRecord": 17,
                                "Flags": 0,
                                "Magnitude": 0,
                                "SoundIndex": 0,
                                "FactionOrMobileId": 0,
                                "NextObjectOffset": -2,
                                "Action": 0
                            }
                        }
                    },
                    {
                        "Position": 11496,
                        "Index": 2,
                        "XPos": 1328,
                        "YPos": -576,
                        "ZPos": 1888,
                        "Type": "Light",
                        "Resources": {
                            "LightResource": {
                                "Unknown1": 32,
                                "Unknown2": 4294967294,
                                "Radius": 80
                            }
                        }
                    },
                    {
                        "Position": 11531,
                        "Index": 3,
                        "XPos": 1408,
                        "YPos": -512,
                        "ZPos": 1920,
                        "Type": "Model",
                        "Resources": {
                            "ModelResource": {
                                "XRotation": 0,
                                "YRotation": 512,
                                "ZRotation": 0,
                                "ModelIndex": 3,
                                "TriggerFlag_StartingLock": 0,
                                "SoundIndex": 0,
                                "ActionResource": {
                                    "Position": 0,
                                    "Axis": 0,
                                    "Duration": 0,
                                    "Magnitude": 0,
                                    "NextObjectOffset": 0,
                                    "PreviousObjectOffset": -1,
                                    "NextObjectIndex": -1,
                                    "Flags": 0
                                }
                            }
                        }
                    },
                    {
                        "Position": 11579,
                        "Index": 4,
                        "XPos": 1984,
                        "YPos": -512,
                        "ZPos": 1408,
                        "Type": "Model",
                        "Resources": {
                            "ModelResource": {
                                "XRotation": 0,
                                "YRotation": -512,
                                "ZRotation": 0,
                                "ModelIndex": 8,
                                "TriggerFlag_StartingLock": 0,
                                "SoundIndex": 0,
                                "ActionResource": {
                                    "Position": 0,
                                    "Axis": 0,
                                    "Duration": 0,
                                    "Magnitude": 0,
                                    "NextObjectOffset": 0,
                                    "PreviousObjectOffset": -1,
                                    "NextObjectIndex": -1,
                                    "Flags": 0
                                }
                            }
                        }
                    }
                ]
            },
            {
                "RdbObjects": null
            },
            {
                "RdbObjects": null
            },
            {
                "RdbObjects": null
            },
            {
                "RdbObjects": null
            },
            {
                "RdbObjects": null
            },
            {
                "RdbObjects": null
            },
            {
                "RdbObjects": null
            },
            {
                "RdbObjects": null
            },
            {
                "RdbObjects": null
            },
            {
                "RdbObjects": null
            }
        ]
    },
    "RdiBlock": {
        "Data": null
    }
}