{
    "Position": 25272012,
    "Index": 918,
    "Name": "B0000010.RDB",
    "Type": "Rdb",
    "RmbBlock": {
        "FldHeader": {
            "NumBlockDataRecords": 0,
            "NumMisc3dObjectRecords": 0,
            "NumMiscFlatObjectRecords": 0,
            "BlockPositions": null,
            "BuildingDataList": null,
            "BlockDataSizes": null,
            "GroundData": {

            },
            "AutoMapData": null,
            "Name": null,
            "OtherNames": null
        },
        "SubRecords": null,
        "Misc3dObjectRecords": null,
        "MiscFlatObjectRecords": null
    },
    "RdbBlock": {
        "ModelReferenceList": [
            {
                "ModelId": "67027",
                "ModelIdNum": 67027,
                "Description": "C1O"
            },
            {
                "ModelId": "70007",
                "ModelIdNum": 70007,
                "Description": "011"
            },
            {
                "ModelId": "70503",
                "ModelIdNum": 70503,
                "Description": "022"
            },
            {
                "ModelId": "67029",
                "ModelIdNum": 67029,
                "Description": "C5O"
            },
            {
                "ModelId": "67018",
                "ModelIdNum": 67018,
                "Description": "C09"
            },
            {
                "ModelId": "55004",
                "ModelIdNum": 55004,
                "Description": "DOR"
            },
            {
                "ModelId": "68000",
                "ModelIdNum": 68000,
                "Description": "R01"
            },
            {
                "ModelId": "67017",
                "ModelIdNum": 67017,
                "Description": "C09"
            },
            {
                "ModelId": "67014",
                "ModelIdNum": 67014,
                "Description": "C08"
            },
            {
                "ModelId": "67024",
                "ModelIdNum": 67024,
                "Description": "C0O"
            },
            {
                "ModelId": "67023",
                "ModelIdNum": 67023,
                "Description": "C09"
            },
            {
                "ModelId": "67011",
                "ModelIdNum": 67011,
                "Description": "C01"
            },
            {
                "ModelId": "67025",
                "ModelIdNum": 67025,
                "Description": "C0D"
            },
            {
                "ModelId": "55000",
                "ModelIdNum": 55000,
                "Description": "DOR"
            },
            {
                "ModelId": "70000",
                "ModelIdNum": 70000,
                "Description": "000"
            },
            {
                "ModelId": "67005",
                "ModelIdNum": 67005,
                "Description": "C0E"
            },
            {
                "ModelId": "67020",
                "ModelIdNum": 67020,
                "Description": "C09"
            },
            {
                "ModelId": "62009",
                "ModelIdNum": 62009,
                "Description": "R11"
            },
            {
                "ModelId": "55001",
                "ModelIdNum": 55001,
                "Description": "DOR"
            }
        ],
        "ObjectRootList": [
            {
                "RdbObjects": [
                    {
                        "Position": 9596,
                        "Index": 0,
                        "XPos": 664,
                        "YPos": -1280,
                        "ZPos": 0,
                        "Type": "Model",
                        "Resources": {
                            "ModelResource": {
                                "XRotation": 0,
                                "YRotation": -1024,
                                "ZRotation": 0,
                                "ModelIndex": 5,
                                "TriggerFlag_StartingLock": 0,
                                "SoundIndex": 0,
                                "ActionResource": {
                                    "Position": 0,
                                    "Axis": 0,
                                    "Duration": 0,
                                    "Magnitude": 0,
                                    "NextObjectOffset": 0,
                                    "PreviousObjectOffset": -1,
                                    "NextObjectIndex": -1,
                                    "Flags": 0
                                }
                            }
                        }
                    },
                    {
                        "Position": 9644,
                        "Index": 1,
                        "XPos": 896,
                        "YPos": -1280,
                        "ZPos": 384,
                        "Type": "Model",
                        "Resources": {
                            "ModelResource": {
                                "XRotation": 0,
                                "YRotation": -1536,
                                "ZRotation": 0,
                                "ModelIndex": 6,
                                "TriggerFlag_StartingLock": 0,
                                "SoundIndex": 0,
                                "ActionResource": {
                                    "Position": 0,
                                    "Axis": 0,
                                    "Duration": 0,
                                    "Magnitude": 0,
                                    "NextObjectOffset": 0,
                                    "PreviousObjectOffset": -1,
                                    "NextObjectIndex": -1,
                                    "Flags": 0
                                }
                            }
                        }
                    },
                    {
                        "Position": 9692,
                        "Index": 2,
                        "XPos": 896,
                        "YPos": -1280,
                        "ZPos": 128,
                        "Type": "Model",
                        "Resources": {
                            "ModelResource": {
                                "XRotation": 0,
                                "YRotation": -1536,
                                "ZRotation": 0,
                                "ModelIndex": 4,
                                "TriggerFlag_StartingLock": 0,
                                "SoundIndex": 0,
                                "ActionResource": {
                                    "Position": 0,
                                    "Axis": 0,
                                    "Duration": 0,
                                    "Magnitude": 0,
                                    "NextObjectOffset": 0,
                                    "PreviousObjectOffset": -1,
                                    "NextObjectIndex": -1,
                                    "Flags": 0
                                }
                            }
                        }
                    },
                    {
                        "Position": 9740,
                        "Index": 3,
                        "XPos": 872,
                        "YPos": -1280,
                        "ZPos": 256,
                        "Type": "Model",
                        "Resources": {
                            "ModelResource": {
                                "XRotation": 0,
                                "YRotation": 0,
                                "ZRotation": 0,
                                "ModelIndex": 13,
                                "TriggerFlag_StartingLock": 0,
                                "SoundIndex": 0,
                                "ActionResource": {
                                    "Position": 0,
                                    "Axis": 0,
                                    "Duration": 0,
                                    "Magnitude": 0,
                                    "NextObjectOffset": 0,
                                    "PreviousObjectOffset": -1,
                                    "NextObjectIndex": -1,
                                    "Flags": 0
                                }
                            }
                        }
                    },
                    {
                        "Position": 9788,
                        "Index": 4,
                        "XPos": 864,
                        "YPos": -1384,
                        "ZPos": 128,
                        "Type": "Light",
                        "Resources": {
                            "LightResource": {
                                "Unknown1": 32,
                                "Unknown2": 4294967294,
                                "Radius": 100
                            }
                        }
                    },
                    {
                        "Position": 9823,
                        "Index": 5,
                        "XPos": 864,
                        "YPos": -1400,
                        "ZPos": 128,
                        "Type": "Flat",
                        "Resources": {
                            "FlatResource": {
                                "Position": 9848,
                                "TextureArchive": 210,
                                "TextureRecord": 11,
                                "Flags": 0,
                                "Magnitude": 0,
                                "SoundIndex": 0,
                                "FactionOrMobileId": 0,
                                "NextObjectOffset": -2,
                                "Action": 0
                            }
                        }
                    },
                    {
                        "Position": 9859,
                        "Index": 6,
                        "XPos": 128,
                        "YPos": -1024,
                        "ZPos": 896,
                        "Type": "Model",
                        "Resources": {
                            "ModelResource": {
                                "XRotation": 0,
                                "YRotation": -1024,
                                "ZRotation": 0,
                                "ModelIndex": 0,
                                "TriggerFlag_StartingLock": 0,
                                "SoundIndex": 0,
                                "ActionResource": {
                                    "Position": 0,
                                    "Axis": 0,
                                    "Duration": 0,
                                    "Magnitude": 0,
                                    "NextObjectOffset": 0,
                                    "PreviousObjectOffset": -1,
                                    "NextObjectIndex": -1,
                                    "Flags": 0
                                }
                            }
                        }
                    },
                    {
                        "Position": 9907,
                        "Index": 7,
                        "XPos": 128,
                        "YPos": -1400,
                        "ZPos": 680,
                        "Type": "Flat",
                        "Resources": {
                            "FlatResource": {
                                "Position": 9932,
                                "TextureArchive": 210,
                                "TextureRecord": 11,
                                "Flags": 0,
                                "Magnitude": 0,
                                "SoundIndex": 0,
                                "FactionOrMobileId": 0,
                                "NextObjectOffset": -2,
                                "Action": 0
                            }
                        }
                    },
                    {
                        "Position": 9943,
                        "Index": 8,
                        "XPos": 128,
                        "YPos": -1384,
                        "ZPos": 680,
                        "Type": "Light",
                        "Resources": {
                            "LightResource": {
                                "Unknown1": 32,
                                "Unknown2": 4294967294,
                                "Radius": 100
                            }
                        }
                    },
                    {
                        "Position": 9978,
                        "Index": 9,
                        "XPos": 0,
                        "YPos": -1280,
                        "ZPos": 616,
                        "Type": "Model",
                        "Resources": {
                            "ModelResource": {
                                "XRotation": 0,
                                "YRotation": -1536,
                                "ZRotation": 0,
                                "ModelIndex": 18,
                                "TriggerFlag_StartingLock": 0,
                                "SoundIndex": 0,
                                "ActionResource": {
                                    "Position": 0,
                                    "Axis": 0,
                                    "Duration": 0,
                                    "Magnitude": 0,
                                    "NextObjectOffset": 0,
                                    "PreviousObjectOffset": -1,
                                    "NextObjectIndex": -1,
                                    "Flags": 0
                                }
                            }
                        }
                    },
                    {
                        "Position": 10026,
                        "Index": 10,
                        "XPos": 128,
                        "YPos": -1280,
                        "ZPos": 640,
                        "Type": "Model",
                        "Resources": {
                            "ModelResource": {
                                "XRotation": 0,
                                "YRotation": 0,
                                "ZRotation": 0,
                                "ModelIndex": 7,
                                "TriggerFlag_StartingLock": 0,
                                "SoundIndex": 0,
                                "ActionResource": {
                                    "Position": 0,
                                    "Axis": 0,
                                    "Duration": 0,
                                    "Magnitude": 0,
                                    "NextObjectOffset": 0,
                                    "PreviousObjectOffset": -1,
                                    "NextObjectIndex": -1,
                                    "Flags": 0
                                }
                            }
                        }
                    },
                    {
                        "Position": 10074,
                        "Index": 11,
                        "XPos": 640,
                        "YPos": -1280,
                        "ZPos": 128,
                        "Type": "Model",
                        "Resources": {
                            "ModelResource": {
                                "XRotation": 0,
                                "YRotation": -512,
                                "ZRotation": 0,
                                "ModelIndex": 4,
                                "TriggerFlag_StartingLock": 0,
                                "SoundIndex": 0,
                                "ActionResource": {
                                    "Position": 0,
                                    "Axis": 0,
                                    "Duration": 0,
                                    "Magnitude": 0,
                                    "NextObjectOffset": 0,
                                    "PreviousObjectOffset": -1,
                                    "NextObjectIndex": -1,
                                    "Flags": 0
                                }
                            }
                        }
                    }
                ]
            },
            {
                "RdbObjects": [
                    {
                        "Position": 11384,
                        "Index": 0,
                        "XPos": 1926,
                        "YPos": -1302,
                        "ZPos": 408,
                        "Type": "Flat",
                        "Resources": {
                            "FlatResource": {
                                "Position": 11409,
                                "TextureArchive": 199,
                                "TextureRecord": 15,
                                "Flags": 3,
                                "Magnitude": 0,
                                "SoundIndex": 2,
                                "FactionOrMobileId": 512,
                                "NextObjectOffset": 0,
                                "Action": 0
                            }
                        }
                    },
                    {
                        "Position": 11348,
                        "Index": 1,
                        "XPos": 1528,
                        "YPos": -535,
                        "ZPos": 62,
                        "Type": "Flat",
                        "Resources": {
                            "FlatResource": {
                                "Position": 11373,
                                "TextureArchive": 199,
                                "TextureRecord": 15,
                                "Flags": 1,
                                "Magnitude": 0,
                                "SoundIndex": 2,
                                "FactionOrMobileId": 512,
                                "NextObjectOffset": 0,
                                "Action": 0
                            }
                        }
                    },
                    {
                        "Position": 10122,
                        "Index": 2,
                        "XPos": 1432,
                        "YPos": -512,
                        "ZPos": 0,
                        "Type": "Model",
                        "Resources": {
                            "ModelResource": {
                                "XRotation": 0,
                                "YRotation": -1024,
                                "ZRotation": 0,
                                "ModelIndex": 13,
                                "TriggerFlag_StartingLock": 0,
                                "SoundIndex": 0,
                                "ActionResource": {
                                    "Position": 0,
                                    "Axis": 0,
                                    "Duration": 0,
                                    "Magnitude": 0,
                                    "NextObjectOffset": 0,
                                    "PreviousObjectOffset": -1,
                                    "NextObjectIndex": -1,
                                    "Flags": 0
                                }
                            }
                        }
                    },
                    {
                        "Position": 10170,
                        "Index": 3,
                        "XPos": 1920,
                        "YPos": -1280,
                        "ZPos": 384,
                        "Type": "Model",
                        "Resources": {
                            "ModelResource": {
                                "XRotation": 0,
                                "YRotation": 0,
                                "ZRotation": 0,
                                "ModelIndex": 8,
                                "TriggerFlag_StartingLock": 0,
                                "SoundIndex": 0,
                                "ActionResource": {
                                    "Position": 0,
                                    "Axis": 0,
                                    "Duration": 0,
                                    "Magnitude": 0,
                                    "NextObjectOffset": 0,
                                    "PreviousObjectOffset": -1,
                                    "NextObjectIndex": -1,
                                    "Flags": 0
                                }
                            }
                        }
                    },
                    {
                        "Position": 10218,
                        "Index": 4,
                        "XPos": 1920,
                        "YPos": -1280,
                        "ZPos": 640,
                        "Type": "Model",
                        "Resources": {
                            "ModelResource": {
                                "XRotation": 0,
                                "YRotation": -1024,
                                "ZRotation": 0,
                                "ModelIndex": 7,
                                "TriggerFlag_StartingLock": 0,
                                "SoundIndex": 0,
                                "ActionResource": {
                                    "Position": 0,
                                    "Axis": 0,
                                    "Duration": 0,
                                    "Magnitude": 0,
                                    "NextObjectOffset": 0,
                                    "PreviousObjectOffset": -1,
                                    "NextObjectIndex": -1,
                                    "Flags": 0
                                }
                            }
                        }
                    },
                    {
                        "Position": 10266,
                        "Index": 5,
                        "XPos": 1408,
                        "YPos": -512,
                        "ZPos": 64,
                        "Type": "Model",
                        "Resources": {
                            "ModelResource": {
                                "XRotation": 0,
                                "YRotation": -1024,
                                "ZRotation": 0,
                                "ModelIndex": 1,
                                "TriggerFlag_StartingLock": 0,
                                "SoundIndex": 0,
                                "ActionResource": {
                                    "Position": 0,
                                    "Axis": 0,
                                    "Duration": 0,
                                    "Magnitude": 0,
                                    "NextObjectOffset": 0,
                                    "PreviousObjectOffset": -1,
                                    "NextObjectIndex": -1,
                                    "Flags": 0
                                }
                            }
                        }
                    }
                ]
            },
            {
                "RdbObjects": null
            },
            {
                "RdbObjects": null
            },
            {
                "RdbObjects": [
                    {
                        "Position": 10314,
                        "Index": 0,
                        "XPos": 640,
                        "YPos": -1280,
                        "ZPos": 1920,
                        "Type": "Model",
                        "Resources": {
                            "ModelResource": {
                                "XRotation": 0,
                                "YRotation": -2560,
                                "ZRotation": 0,
                                "ModelIndex": 7,
                                "TriggerFlag_StartingLock": 0,
                                "SoundIndex": 0,
                                "ActionResource": {
                                    "Position": 0,
                                    "Axis": 0,
                                    "Duration": 0,
                                    "Magnitude": 0,
                                    "NextObjectOffset": 0,
                                    "PreviousObjectOffset": -1,
                                    "NextObjectIndex": -1,
                                    "Flags": 0
                                }
                            }
                        }
                    },
                    {
                        "Position": 10362,
                        "Index": 1,
                        "XPos": 168,
                        "YPos": -632,
                        "ZPos": 1448,
                        "Type": "Flat",
                        "Resources": {
                            "FlatResource": {
                                "Position": 10387,
                                "TextureArchive": 210,
                                "TextureRecord": 11,
                                "Flags": 0,
                                "Magnitude": 0,
                                "SoundIndex": 0,
                                "FactionOrMobileId": 0,
                                "NextObjectOffset": 0,
                                "Action": 0
                            }
                        }
                    },
                    {
                        "Position": 10398,
                        "Index": 2,
                        "XPos": 168,
                        "YPos": -616,
                        "ZPos": 1448,
                        "Type": "Light",
                        "Resources": {
                            "LightResource": {
                                "Unknown1": 32,
                                "Unknown2": 4294967294,
                                "Radius": 100
                            }
                        }
                    },
                    {
                        "Position": 10433,
                        "Index": 3,
                        "XPos": 656,
                        "YPos": -1400,
                        "ZPos": 1920,
                        "Type": "Flat",
                        "Resources": {
                            "FlatResource": {
                                "Position": 10458,
                                "TextureArchive": 210,
                                "TextureRecord": 13,
                                "Flags": 0,
                                "Magnitude": 0,
                                "SoundIndex": 0,
                                "FactionOrMobileId": 0,
                                "NextObjectOffset": -2,
                                "Action": 0
                            }
                        }
                    },
                    {
                        "Position": 10469,
                        "Index": 4,
                        "XPos": 656,
                        "YPos": -1384,
                        "ZPos": 1920,
                        "Type": "Light",
                        "Resources": {
                            "LightResource": {
                                "Unknown1": 32,
                                "Unknown2": 4294967294,
                                "Radius": 100
                            }
                        }
                    },
                    {
                        "Position": 10504,
                        "Index": 5,
                        "XPos": 0,
                        "YPos": -512,
                        "ZPos": 1384,
                        "Type": "Model",
                        "Resources": {
                            "ModelResource": {
                                "XRotation": 0,
                                "YRotation": -1536,
                                "ZRotation": 0,
                                "ModelIndex": 18,
                                "TriggerFlag_StartingLock": 0,
                                "SoundIndex": 0,
                                "ActionResource": {
                                    "Position": 0,
                                    "Axis": 0,
                                    "Duration": 0,
                                    "Magnitude": 0,
                                    "NextObjectOffset": 0,
                                    "PreviousObjectOffset": -1,
                                    "NextObjectIndex": -1,
                                    "Flags": 0
                                }
                            }
                        }
                    },
                    {
                        "Position": 10552,
                        "Index": 6,
                        "XPos": 128,
                        "YPos": -640,
                        "ZPos": 1152,
                        "Type": "Model",
                        "Resources": {
                            "ModelResource": {
                                "XRotation": 0,
                                "YRotation": -3072,
                                "ZRotation": 0,
                                "ModelIndex": 12,
                                "TriggerFlag_StartingLock": 0,
                                "SoundIndex": 0,
                                "ActionResource": {
                                    "Position": 0,
                                    "Axis": 0,
                                    "Duration": 0,
                                    "Magnitude": 0,
                                    "NextObjectOffset": 0,
                                    "PreviousObjectOffset": -1,
                                    "NextObjectIndex": -1,
                                    "Flags": 0
                                }
                            }
                        }
                    },
                    {
                        "Position": 10600,
                        "Index": 7,
                        "XPos": 128,
                        "YPos": -512,
                        "ZPos": 1408,
                        "Type": "Model",
                        "Resources": {
                            "ModelResource": {
                                "XRotation": 0,
                                "YRotation": -1024,
                                "ZRotation": 0,
                                "ModelIndex": 4,
                                "TriggerFlag_StartingLock": 0,
                                "SoundIndex": 0,
                                "ActionResource": {
                                    "Position": 0,
                                    "Axis": 0,
                                    "Duration": 0,
                                    "Magnitude": 0,
                                    "NextObjectOffset": 0,
                                    "PreviousObjectOffset": -1,
                                    "NextObjectIndex": -1,
                                    "Flags": 0
                                }
                            }
                        }
                    }
                ]
            },
            {
                "RdbObjects": [
                    {
                        "Position": 10648,
                        "Index": 0,
                        "XPos": 1024,
                        "YPos": -896,
                        "ZPos": 1920,
                        "Type": "Model",
                        "Resources": {
                            "ModelResource": {
                                "XRotation": 0,
                                "YRotation": -1536,
                                "ZRotation": 0,
                                "ModelIndex": 3,
                                "TriggerFlag_StartingLock": 0,
                                "SoundIndex": 0,
                                "ActionResource": {
                                    "Position": 0,
                                    "Axis": 0,
                                    "Duration": 0,
                                    "Magnitude": 0,
                                    "NextObjectOffset": 0,
                                    "PreviousObjectOffset": -1,
                                    "NextObjectIndex": -1,
                                    "Flags": 0
                                }
                            }
                        }
                    },
                    {
                        "Position": 10696,
                        "Index": 1,
                        "XPos": 1432,
                        "YPos": -632,
                        "ZPos": 1920,
                        "Type": "Flat",
                        "Resources": {
                            "FlatResource": {
                                "Position": 10721,
                                "TextureArchive": 210,
                                "TextureRecord": 13,
                                "Flags": 0,
                                "Magnitude": 0,
                                "SoundIndex": 0,
                                "FactionOrMobileId": 0,
                                "NextObjectOffset": 0,
                                "Action": 0
                            }
                        }
                    },
                    {
                        "Position": 10732,
                        "Index": 2,
                        "XPos": 1424,
                        "YPos": -608,
                        "ZPos": 1920,
                        "Type": "Light",
                        "Resources": {
                            "LightResource": {
                                "Unknown1": 32,
                                "Unknown2": 0,
                                "Radius": 100
                            }
                        }
                    },
                    {
                        "Position": 10767,
                        "Index": 3,
                        "XPos": 1408,
                        "YPos": -512,
                        "ZPos": 1920,
                        "Type": "Model",
                        "Resources": {
                            "ModelResource": {
                                "XRotation": 0,
                                "YRotation": -1536,
                                "ZRotation": 0,
                                "ModelIndex": 4,
                                "TriggerFlag_StartingLock": 0,
                                "SoundIndex": 0,
                                "ActionResource": {
                                    "Position": 0,
                                    "Axis": 0,
                                    "Duration": 0,
                                    "Magnitude": 0,
                                    "NextObjectOffset": 0,
                                    "PreviousObjectOffset": -1,
                                    "NextObjectIndex": -1,
                                    "Flags": 0
                                }
                            }
                        }
                    },
                    {
                        "Position": 10815,
                        "Index": 4,
                        "XPos": 1784,
                        "YPos": -512,
                        "ZPos": 1128,
                        "Type": "Model",
                        "Resources": {
                            "ModelResource": {
                                "XRotation": 0,
                                "YRotation": -1536,
                                "ZRotation": 0,
                                "ModelIndex": 13,
                                "TriggerFlag_StartingLock": 0,
                                "SoundIndex": 0,
                                "ActionResource": {
                                    "Position": 0,
                                    "Axis": 0,
                                    "Duration": 0,
                                    "Magnitude": 0,
                                    "NextObjectOffset": 0,
                                    "PreviousObjectOffset": -1,
                                    "NextObjectIndex": -1,
                                    "Flags": 0
                                }
                            }
                        }
                    },
                    {
                        "Position": 10863,
                        "Index": 5,
                        "XPos": 1984,
                        "YPos": -512,
                        "ZPos": 1152,
                        "Type": "Model",
                        "Resources": {
                            "ModelResource": {
                                "XRotation": 0,
                                "YRotation": -512,
                                "ZRotation": 0,
                                "ModelIndex": 2,
                                "TriggerFlag_StartingLock": 0,
                                "SoundIndex": 0,
                                "ActionResource": {
                                    "Position": 0,
                                    "Axis": 0,
                                    "Duration": 0,
                                    "Magnitude": 0,
                                    "NextObjectOffset": 0,
                                    "PreviousObjectOffset": -1,
                                    "NextObjectIndex": -1,
                                    "Flags": 0
                                }
                            }
                        }
                    }
                ]
            },
            {
                "RdbObjects": null
            },
            {
                "RdbObjects": null
            },
            {
                "RdbObjects": null
            },
            {
                "RdbObjects": null
            },
            {
                "RdbObjects": null
            },
            {
                "RdbObjects": null
            },
            {
                "RdbObjects": null
            },
            {
                "RdbObjects": null
            },
            {
                "RdbObjects": null
            },
            {
                "RdbObjects": null
            }
        ]
    },
    "RdiBlock": {
        "Data": null
    }
}