{
    "Position": 25224021,
    "Index": 914,
    "Name": "B0000006.RDB",
    "Type": "Rdb",
    "RmbBlock": {
        "FldHeader": {
            "NumBlockDataRecords": 0,
            "NumMisc3dObjectRecords": 0,
            "NumMiscFlatObjectRecords": 0,
            "BlockPositions": null,
            "BuildingDataList": null,
            "BlockDataSizes": null,
            "GroundData": {

            },
            "AutoMapData": null,
            "Name": null,
            "OtherNames": null
        },
        "SubRecords": null,
        "Misc3dObjectRecords": null,
        "MiscFlatObjectRecords": null
    },
    "RdbBlock": {
        "ModelReferenceList": [
            {
                "ModelId": "67027",
                "ModelIdNum": 67027,
                "Description": "C1O"
            },
            {
                "ModelId": "70007",
                "ModelIdNum": 70007,
                "Description": "011"
            },
            {
                "ModelId": "70503",
                "ModelIdNum": 70503,
                "Description": "022"
            },
            {
                "ModelId": "67008",
                "ModelIdNum": 67008,
                "Description": "C0J"
            },
            {
                "ModelId": "67018",
                "ModelIdNum": 67018,
                "Description": "C09"
            },
            {
                "ModelId": "67015",
                "ModelIdNum": 67015,
                "Description": "C1O"
            },
            {
                "ModelId": "68000",
                "ModelIdNum": 68000,
                "Description": "R01"
            },
            {
                "ModelId": "67017",
                "ModelIdNum": 67017,
                "Description": "C09"
            },
            {
                "ModelId": "67014",
                "ModelIdNum": 67014,
                "Description": "C08"
            },
            {
                "ModelId": "67024",
                "ModelIdNum": 67024,
                "Description": "C0O"
            },
            {
                "ModelId": "67023",
                "ModelIdNum": 67023,
                "Description": "C09"
            },
            {
                "ModelId": "67011",
                "ModelIdNum": 67011,
                "Description": "C01"
            },
            {
                "ModelId": "67025",
                "ModelIdNum": 67025,
                "Description": "C0D"
            },
            {
                "ModelId": "55000",
                "ModelIdNum": 55000,
                "Description": "DOR"
            },
            {
                "ModelId": "70000",
                "ModelIdNum": 70000,
                "Description": "000"
            },
            {
                "ModelId": "67005",
                "ModelIdNum": 67005,
                "Description": "C0E"
            },
            {
                "ModelId": "67020",
                "ModelIdNum": 67020,
                "Description": "C09"
            },
            {
                "ModelId": "62009",
                "ModelIdNum": 62009,
                "Description": "R11"
            },
            {
                "ModelId": "55001",
                "ModelIdNum": 55001,
                "Description": "DOR"
            },
            {
                "ModelId": "55005",
                "ModelIdNum": 55005,
                "Description": "DOR"
            }
        ],
        "ObjectRootList": [
            {
                "RdbObjects": [
                    {
                        "Position": 12605,
                        "Index": 0,
                        "XPos": 387,
                        "YPos": -534,
                        "ZPos": 700,
                        "Type": "Flat",
                        "Resources": {
                            "FlatResource": {
                                "Position": 12630,
                                "TextureArchive": 199,
                                "TextureRecord": 15,
                                "Flags": 1,
                                "Magnitude": 0,
                                "SoundIndex": 1,
                                "FactionOrMobileId": 256,
                                "NextObjectOffset": 0,
                                "Action": 0
                            }
                        }
                    },
                    {
                        "Position": 9596,
                        "Index": 1,
                        "XPos": 664,
                        "YPos": -1280,
                        "ZPos": 0,
                        "Type": "Model",
                        "Resources": {
                            "ModelResource": {
                                "XRotation": 0,
                                "YRotation": -1024,
                                "ZRotation": 0,
                                "ModelIndex": 19,
                                "TriggerFlag_StartingLock": 0,
                                "SoundIndex": 0,
                                "ActionResource": {
                                    "Position": 0,
                                    "Axis": 0,
                                    "Duration": 0,
                                    "Magnitude": 0,
                                    "NextObjectOffset": 0,
                                    "PreviousObjectOffset": -1,
                                    "NextObjectIndex": -1,
                                    "Flags": 0
                                }
                            }
                        }
                    },
                    {
                        "Position": 9644,
                        "Index": 2,
                        "XPos": 128,
                        "YPos": -1024,
                        "ZPos": 896,
                        "Type": "Model",
                        "Resources": {
                            "ModelResource": {
                                "XRotation": 0,
                                "YRotation": -1024,
                                "ZRotation": 0,
                                "ModelIndex": 0,
                                "TriggerFlag_StartingLock": 0,
                                "SoundIndex": 0,
                                "ActionResource": {
                                    "Position": 0,
                                    "Axis": 0,
                                    "Duration": 0,
                                    "Magnitude": 0,
                                    "NextObjectOffset": 0,
                                    "PreviousObjectOffset": -1,
                                    "NextObjectIndex": -1,
                                    "Flags": 0
                                }
                            }
                        }
                    },
                    {
                        "Position": 9692,
                        "Index": 3,
                        "XPos": 128,
                        "YPos": -1400,
                        "ZPos": 680,
                        "Type": "Flat",
                        "Resources": {
                            "FlatResource": {
                                "Position": 9717,
                                "TextureArchive": 210,
                                "TextureRecord": 11,
                                "Flags": 0,
                                "Magnitude": 0,
                                "SoundIndex": 0,
                                "FactionOrMobileId": 0,
                                "NextObjectOffset": -2,
                                "Action": 0
                            }
                        }
                    },
                    {
                        "Position": 9728,
                        "Index": 4,
                        "XPos": 128,
                        "YPos": -1376,
                        "ZPos": 688,
                        "Type": "Light",
                        "Resources": {
                            "LightResource": {
                                "Unknown1": 32,
                                "Unknown2": 4294967294,
                                "Radius": 100
                            }
                        }
                    },
                    {
                        "Position": 9763,
                        "Index": 5,
                        "XPos": 0,
                        "YPos": -1280,
                        "ZPos": 616,
                        "Type": "Model",
                        "Resources": {
                            "ModelResource": {
                                "XRotation": 0,
                                "YRotation": -1536,
                                "ZRotation": 0,
                                "ModelIndex": 18,
                                "TriggerFlag_StartingLock": 0,
                                "SoundIndex": 0,
                                "ActionResource": {
                                    "Position": 0,
                                    "Axis": 0,
                                    "Duration": 0,
                                    "Magnitude": 0,
                                    "NextObjectOffset": 0,
                                    "PreviousObjectOffset": -1,
                                    "NextObjectIndex": -1,
                                    "Flags": 0
                                }
                            }
                        }
                    },
                    {
                        "Position": 9811,
                        "Index": 6,
                        "XPos": 512,
                        "YPos": -512,
                        "ZPos": 872,
                        "Type": "Model",
                        "Resources": {
                            "ModelResource": {
                                "XRotation": 0,
                                "YRotation": -1536,
                                "ZRotation": 0,
                                "ModelIndex": 13,
                                "TriggerFlag_StartingLock": 0,
                                "SoundIndex": 0,
                                "ActionResource": {
                                    "Position": 0,
                                    "Axis": 0,
                                    "Duration": 0,
                                    "Magnitude": 0,
                                    "NextObjectOffset": 0,
                                    "PreviousObjectOffset": -1,
                                    "NextObjectIndex": -1,
                                    "Flags": 0
                                }
                            }
                        }
                    },
                    {
                        "Position": 9859,
                        "Index": 7,
                        "XPos": 360,
                        "YPos": -512,
                        "ZPos": 768,
                        "Type": "Model",
                        "Resources": {
                            "ModelResource": {
                                "XRotation": 0,
                                "YRotation": 0,
                                "ZRotation": 0,
                                "ModelIndex": 13,
                                "TriggerFlag_StartingLock": 0,
                                "SoundIndex": 0,
                                "ActionResource": {
                                    "Position": 0,
                                    "Axis": 0,
                                    "Duration": 0,
                                    "Magnitude": 0,
                                    "NextObjectOffset": 0,
                                    "PreviousObjectOffset": -1,
                                    "NextObjectIndex": -1,
                                    "Flags": 0
                                }
                            }
                        }
                    },
                    {
                        "Position": 9907,
                        "Index": 8,
                        "XPos": 640,
                        "YPos": -512,
                        "ZPos": 896,
                        "Type": "Model",
                        "Resources": {
                            "ModelResource": {
                                "XRotation": 0,
                                "YRotation": 0,
                                "ZRotation": 0,
                                "ModelIndex": 17,
                                "TriggerFlag_StartingLock": 0,
                                "SoundIndex": 0,
                                "ActionResource": {
                                    "Position": 0,
                                    "Axis": 0,
                                    "Duration": 0,
                                    "Magnitude": 0,
                                    "NextObjectOffset": 0,
                                    "PreviousObjectOffset": -1,
                                    "NextObjectIndex": -1,
                                    "Flags": 0
                                }
                            }
                        }
                    },
                    {
                        "Position": 9955,
                        "Index": 9,
                        "XPos": 384,
                        "YPos": -512,
                        "ZPos": 704,
                        "Type": "Model",
                        "Resources": {
                            "ModelResource": {
                                "XRotation": 0,
                                "YRotation": -2048,
                                "ZRotation": 0,
                                "ModelIndex": 14,
                                "TriggerFlag_StartingLock": 0,
                                "SoundIndex": 0,
                                "ActionResource": {
                                    "Position": 0,
                                    "Axis": 0,
                                    "Duration": 0,
                                    "Magnitude": 0,
                                    "NextObjectOffset": 0,
                                    "PreviousObjectOffset": -1,
                                    "NextObjectIndex": -1,
                                    "Flags": 0
                                }
                            }
                        }
                    },
                    {
                        "Position": 10003,
                        "Index": 10,
                        "XPos": 384,
                        "YPos": -512,
                        "ZPos": 896,
                        "Type": "Model",
                        "Resources": {
                            "ModelResource": {
                                "XRotation": 0,
                                "YRotation": -512,
                                "ZRotation": 0,
                                "ModelIndex": 16,
                                "TriggerFlag_StartingLock": 0,
                                "SoundIndex": 0,
                                "ActionResource": {
                                    "Position": 0,
                                    "Axis": 0,
                                    "Duration": 0,
                                    "Magnitude": 0,
                                    "NextObjectOffset": 0,
                                    "PreviousObjectOffset": -1,
                                    "NextObjectIndex": -1,
                                    "Flags": 0
                                }
                            }
                        }
                    },
                    {
                        "Position": 10051,
                        "Index": 11,
                        "XPos": 128,
                        "YPos": -1280,
                        "ZPos": 640,
                        "Type": "Model",
                        "Resources": {
                            "ModelResource": {
                                "XRotation": 0,
                                "YRotation": 0,
                                "ZRotation": 0,
                                "ModelIndex": 7,
                                "TriggerFlag_StartingLock": 0,
                                "SoundIndex": 0,
                                "ActionResource": {
                                    "Position": 0,
                                    "Axis": 0,
                                    "Duration": 0,
                                    "Magnitude": 0,
                                    "NextObjectOffset": 0,
                                    "PreviousObjectOffset": -1,
                                    "NextObjectIndex": -1,
                                    "Flags": 0
                                }
                            }
                        }
                    },
                    {
                        "Position": 10099,
                        "Index": 12,
                        "XPos": 896,
                        "YPos": -1280,
                        "ZPos": 128,
                        "Type": "Model",
                        "Resources": {
                            "ModelResource": {
                                "XRotation": 0,
                                "YRotation": -512,
                                "ZRotation": 0,
                                "ModelIndex": 5,
                                "TriggerFlag_StartingLock": 0,
                                "SoundIndex": 0,
                                "ActionResource": {
                                    "Position": 0,
                                    "Axis": 0,
                                    "Duration": 0,
                                    "Magnitude": 0,
                                    "NextObjectOffset": 0,
                                    "PreviousObjectOffset": -1,
                                    "NextObjectIndex": -1,
                                    "Flags": 0
                                }
                            }
                        }
                    },
                    {
                        "Position": 10147,
                        "Index": 13,
                        "XPos": 640,
                        "YPos": -1280,
                        "ZPos": 128,
                        "Type": "Model",
                        "Resources": {
                            "ModelResource": {
                                "XRotation": 0,
                                "YRotation": -512,
                                "ZRotation": 0,
                                "ModelIndex": 4,
                                "TriggerFlag_StartingLock": 0,
                                "SoundIndex": 0,
                                "ActionResource": {
                                    "Position": 0,
                                    "Axis": 0,
                                    "Duration": 0,
                                    "Magnitude": 0,
                                    "NextObjectOffset": 0,
                                    "PreviousObjectOffset": -1,
                                    "NextObjectIndex": -1,
                                    "Flags": 0
                                }
                            }
                        }
                    }
                ]
            },
            {
                "RdbObjects": [
                    {
                        "Position": 12677,
                        "Index": 0,
                        "XPos": 1922,
                        "YPos": -1303,
                        "ZPos": 314,
                        "Type": "Flat",
                        "Resources": {
                            "FlatResource": {
                                "Position": 12702,
                                "TextureArchive": 199,
                                "TextureRecord": 15,
                                "Flags": 5,
                                "Magnitude": 0,
                                "SoundIndex": 2,
                                "FactionOrMobileId": 512,
                                "NextObjectOffset": 0,
                                "Action": 0
                            }
                        }
                    },
                    {
                        "Position": 10195,
                        "Index": 1,
                        "XPos": 1432,
                        "YPos": -512,
                        "ZPos": 0,
                        "Type": "Model",
                        "Resources": {
                            "ModelResource": {
                                "XRotation": 0,
                                "YRotation": -1024,
                                "ZRotation": 0,
                                "ModelIndex": 19,
                                "TriggerFlag_StartingLock": 0,
                                "SoundIndex": 0,
                                "ActionResource": {
                                    "Position": 0,
                                    "Axis": 0,
                                    "Duration": 0,
                                    "Magnitude": 0,
                                    "NextObjectOffset": 0,
                                    "PreviousObjectOffset": -1,
                                    "NextObjectIndex": -1,
                                    "Flags": 0
                                }
                            }
                        }
                    },
                    {
                        "Position": 10243,
                        "Index": 2,
                        "XPos": 1376,
                        "YPos": -1656,
                        "ZPos": 128,
                        "Type": "Flat",
                        "Resources": {
                            "FlatResource": {
                                "Position": 10268,
                                "TextureArchive": 210,
                                "TextureRecord": 11,
                                "Flags": 0,
                                "Magnitude": 0,
                                "SoundIndex": 0,
                                "FactionOrMobileId": 0,
                                "NextObjectOffset": -2,
                                "Action": 0
                            }
                        }
                    },
                    {
                        "Position": 10279,
                        "Index": 3,
                        "XPos": 1376,
                        "YPos": -1632,
                        "ZPos": 128,
                        "Type": "Light",
                        "Resources": {
                            "LightResource": {
                                "Unknown1": 32,
                                "Unknown2": 4294967294,
                                "Radius": 100
                            }
                        }
                    },
                    {
                        "Position": 10314,
                        "Index": 4,
                        "XPos": 1384,
                        "YPos": -1536,
                        "ZPos": 256,
                        "Type": "Model",
                        "Resources": {
                            "ModelResource": {
                                "XRotation": 0,
                                "YRotation": 0,
                                "ZRotation": 0,
                                "ModelIndex": 13,
                                "TriggerFlag_StartingLock": 0,
                                "SoundIndex": 0,
                                "ActionResource": {
                                    "Position": 0,
                                    "Axis": 0,
                                    "Duration": 0,
                                    "Magnitude": 0,
                                    "NextObjectOffset": 0,
                                    "PreviousObjectOffset": -1,
                                    "NextObjectIndex": -1,
                                    "Flags": 0
                                }
                            }
                        }
                    },
                    {
                        "Position": 10362,
                        "Index": 5,
                        "XPos": 1920,
                        "YPos": -1280,
                        "ZPos": 384,
                        "Type": "Model",
                        "Resources": {
                            "ModelResource": {
                                "XRotation": 0,
                                "YRotation": 0,
                                "ZRotation": 0,
                                "ModelIndex": 8,
                                "TriggerFlag_StartingLock": 0,
                                "SoundIndex": 0,
                                "ActionResource": {
                                    "Position": 0,
                                    "Axis": 0,
                                    "Duration": 0,
                                    "Magnitude": 0,
                                    "NextObjectOffset": 0,
                                    "PreviousObjectOffset": -1,
                                    "NextObjectIndex": -1,
                                    "Flags": 0
                                }
                            }
                        }
                    },
                    {
                        "Position": 10410,
                        "Index": 6,
                        "XPos": 1920,
                        "YPos": -1280,
                        "ZPos": 640,
                        "Type": "Model",
                        "Resources": {
                            "ModelResource": {
                                "XRotation": 0,
                                "YRotation": -1024,
                                "ZRotation": 0,
                                "ModelIndex": 7,
                                "TriggerFlag_StartingLock": 0,
                                "SoundIndex": 0,
                                "ActionResource": {
                                    "Position": 0,
                                    "Axis": 0,
                                    "Duration": 0,
                                    "Magnitude": 0,
                                    "NextObjectOffset": 0,
                                    "PreviousObjectOffset": -1,
                                    "NextObjectIndex": -1,
                                    "Flags": 0
                                }
                            }
                        }
                    },
                    {
                        "Position": 10458,
                        "Index": 7,
                        "XPos": 1408,
                        "YPos": -1536,
                        "ZPos": 384,
                        "Type": "Model",
                        "Resources": {
                            "ModelResource": {
                                "XRotation": 0,
                                "YRotation": -1536,
                                "ZRotation": 0,
                                "ModelIndex": 6,
                                "TriggerFlag_StartingLock": 0,
                                "SoundIndex": 0,
                                "ActionResource": {
                                    "Position": 0,
                                    "Axis": 0,
                                    "Duration": 0,
                                    "Magnitude": 0,
                                    "NextObjectOffset": 0,
                                    "PreviousObjectOffset": -1,
                                    "NextObjectIndex": -1,
                                    "Flags": 0
                                }
                            }
                        }
                    },
                    {
                        "Position": 10506,
                        "Index": 8,
                        "XPos": 1408,
                        "YPos": -1536,
                        "ZPos": 128,
                        "Type": "Model",
                        "Resources": {
                            "ModelResource": {
                                "XRotation": 0,
                                "YRotation": -1536,
                                "ZRotation": 0,
                                "ModelIndex": 4,
                                "TriggerFlag_StartingLock": 0,
                                "SoundIndex": 0,
                                "ActionResource": {
                                    "Position": 0,
                                    "Axis": 0,
                                    "Duration": 0,
                                    "Magnitude": 0,
                                    "NextObjectOffset": 0,
                                    "PreviousObjectOffset": -1,
                                    "NextObjectIndex": -1,
                                    "Flags": 0
                                }
                            }
                        }
                    },
                    {
                        "Position": 10554,
                        "Index": 9,
                        "XPos": 1408,
                        "YPos": -512,
                        "ZPos": 64,
                        "Type": "Model",
                        "Resources": {
                            "ModelResource": {
                                "XRotation": 0,
                                "YRotation": -1024,
                                "ZRotation": 0,
                                "ModelIndex": 1,
                                "TriggerFlag_StartingLock": 0,
                                "SoundIndex": 0,
                                "ActionResource": {
                                    "Position": 0,
                                    "Axis": 0,
                                    "Duration": 0,
                                    "Magnitude": 0,
                                    "NextObjectOffset": 0,
                                    "PreviousObjectOffset": -1,
                                    "NextObjectIndex": -1,
                                    "Flags": 0
                                }
                            }
                        }
                    }
                ]
            },
            {
                "RdbObjects": null
            },
            {
                "RdbObjects": null
            },
            {
                "RdbObjects": [
                    {
                        "Position": 12641,
                        "Index": 0,
                        "XPos": 317,
                        "YPos": -790,
                        "ZPos": 1152,
                        "Type": "Flat",
                        "Resources": {
                            "FlatResource": {
                                "Position": 12666,
                                "TextureArchive": 199,
                                "TextureRecord": 15,
                                "Flags": 2,
                                "Magnitude": 0,
                                "SoundIndex": 1,
                                "FactionOrMobileId": 256,
                                "NextObjectOffset": 0,
                                "Action": 0
                            }
                        }
                    },
                    {
                        "Position": 12569,
                        "Index": 1,
                        "XPos": 448,
                        "YPos": -1303,
                        "ZPos": 1719,
                        "Type": "Flat",
                        "Resources": {
                            "FlatResource": {
                                "Position": 12594,
                                "TextureArchive": 199,
                                "TextureRecord": 15,
                                "Flags": 6,
                                "Magnitude": 0,
                                "SoundIndex": 2,
                                "FactionOrMobileId": 512,
                                "NextObjectOffset": 0,
                                "Action": 0
                            }
                        }
                    },
                    {
                        "Position": 10602,
                        "Index": 2,
                        "XPos": 256,
                        "YPos": -768,
                        "ZPos": 1128,
                        "Type": "Model",
                        "Resources": {
                            "ModelResource": {
                                "XRotation": 0,
                                "YRotation": -1536,
                                "ZRotation": 0,
                                "ModelIndex": 13,
                                "TriggerFlag_StartingLock": 0,
                                "SoundIndex": 0,
                                "ActionResource": {
                                    "Position": 0,
                                    "Axis": 0,
                                    "Duration": 0,
                                    "Magnitude": 0,
                                    "NextObjectOffset": 0,
                                    "PreviousObjectOffset": -1,
                                    "NextObjectIndex": -1,
                                    "Flags": 0
                                }
                            }
                        }
                    },
                    {
                        "Position": 10650,
                        "Index": 3,
                        "XPos": 320,
                        "YPos": -768,
                        "ZPos": 1152,
                        "Type": "Model",
                        "Resources": {
                            "ModelResource": {
                                "XRotation": 0,
                                "YRotation": -3584,
                                "ZRotation": 0,
                                "ModelIndex": 14,
                                "TriggerFlag_StartingLock": 0,
                                "SoundIndex": 0,
                                "ActionResource": {
                                    "Position": 0,
                                    "Axis": 0,
                                    "Duration": 0,
                                    "Magnitude": 0,
                                    "NextObjectOffset": 0,
                                    "PreviousObjectOffset": -1,
                                    "NextObjectIndex": -1,
                                    "Flags": 0
                                }
                            }
                        }
                    },
                    {
                        "Position": 10698,
                        "Index": 4,
                        "XPos": 128,
                        "YPos": -768,
                        "ZPos": 1152,
                        "Type": "Model",
                        "Resources": {
                            "ModelResource": {
                                "XRotation": 0,
                                "YRotation": 0,
                                "ZRotation": 0,
                                "ModelIndex": 11,
                                "TriggerFlag_StartingLock": 0,
                                "SoundIndex": 0,
                                "ActionResource": {
                                    "Position": 0,
                                    "Axis": 0,
                                    "Duration": 0,
                                    "Magnitude": 0,
                                    "NextObjectOffset": 0,
                                    "PreviousObjectOffset": -1,
                                    "NextObjectIndex": -1,
                                    "Flags": 0
                                }
                            }
                        }
                    },
                    {
                        "Position": 10746,
                        "Index": 5,
                        "XPos": 896,
                        "YPos": -1024,
                        "ZPos": 1920,
                        "Type": "Model",
                        "Resources": {
                            "ModelResource": {
                                "XRotation": 0,
                                "YRotation": -5632,
                                "ZRotation": 0,
                                "ModelIndex": 3,
                                "TriggerFlag_StartingLock": 0,
                                "SoundIndex": 0,
                                "ActionResource": {
                                    "Position": 0,
                                    "Axis": 0,
                                    "Duration": 0,
                                    "Magnitude": 0,
                                    "NextObjectOffset": 0,
                                    "PreviousObjectOffset": -1,
                                    "NextObjectIndex": -1,
                                    "Flags": 0
                                }
                            }
                        }
                    },
                    {
                        "Position": 10794,
                        "Index": 6,
                        "XPos": 896,
                        "YPos": -1152,
                        "ZPos": 1408,
                        "Type": "Model",
                        "Resources": {
                            "ModelResource": {
                                "XRotation": 0,
                                "YRotation": -4608,
                                "ZRotation": 0,
                                "ModelIndex": 3,
                                "TriggerFlag_StartingLock": 0,
                                "SoundIndex": 0,
                                "ActionResource": {
                                    "Position": 0,
                                    "Axis": 0,
                                    "Duration": 0,
                                    "Magnitude": 0,
                                    "NextObjectOffset": 0,
                                    "PreviousObjectOffset": -1,
                                    "NextObjectIndex": -1,
                                    "Flags": 0
                                }
                            }
                        }
                    },
                    {
                        "Position": 10842,
                        "Index": 7,
                        "XPos": 640,
                        "YPos": -1152,
                        "ZPos": 1408,
                        "Type": "Model",
                        "Resources": {
                            "ModelResource": {
                                "XRotation": 0,
                                "YRotation": -3072,
                                "ZRotation": 0,
                                "ModelIndex": 3,
                                "TriggerFlag_StartingLock": 0,
                                "SoundIndex": 0,
                                "ActionResource": {
                                    "Position": 0,
                                    "Axis": 0,
                                    "Duration": 0,
                                    "Magnitude": 0,
                                    "NextObjectOffset": 0,
                                    "PreviousObjectOffset": -1,
                                    "NextObjectIndex": -1,
                                    "Flags": 0
                                }
                            }
                        }
                    },
                    {
                        "Position": 10890,
                        "Index": 8,
                        "XPos": 896,
                        "YPos": -1024,
                        "ZPos": 1664,
                        "Type": "Model",
                        "Resources": {
                            "ModelResource": {
                                "XRotation": 0,
                                "YRotation": -1024,
                                "ZRotation": 0,
                                "ModelIndex": 9,
                                "TriggerFlag_StartingLock": 0,
                                "SoundIndex": 0,
                                "ActionResource": {
                                    "Position": 0,
                                    "Axis": 0,
                                    "Duration": 0,
                                    "Magnitude": 0,
                                    "NextObjectOffset": 0,
                                    "PreviousObjectOffset": -1,
                                    "NextObjectIndex": -1,
                                    "Flags": 0
                                }
                            }
                        }
                    },
                    {
                        "Position": 10938,
                        "Index": 9,
                        "XPos": 640,
                        "YPos": -1152,
                        "ZPos": 1664,
                        "Type": "Model",
                        "Resources": {
                            "ModelResource": {
                                "XRotation": 0,
                                "YRotation": 0,
                                "ZRotation": 0,
                                "ModelIndex": 9,
                                "TriggerFlag_StartingLock": 0,
                                "SoundIndex": 0,
                                "ActionResource": {
                                    "Position": 0,
                                    "Axis": 0,
                                    "Duration": 0,
                                    "Magnitude": 0,
                                    "NextObjectOffset": 0,
                                    "PreviousObjectOffset": -1,
                                    "NextObjectIndex": -1,
                                    "Flags": 0
                                }
                            }
                        }
                    },
                    {
                        "Position": 10986,
                        "Index": 10,
                        "XPos": 640,
                        "YPos": -1280,
                        "ZPos": 1920,
                        "Type": "Model",
                        "Resources": {
                            "ModelResource": {
                                "XRotation": 0,
                                "YRotation": -1024,
                                "ZRotation": 0,
                                "ModelIndex": 10,
                                "TriggerFlag_StartingLock": 0,
                                "SoundIndex": 0,
                                "ActionResource": {
                                    "Position": 0,
                                    "Axis": 0,
                                    "Duration": 0,
                                    "Magnitude": 0,
                                    "NextObjectOffset": 0,
                                    "PreviousObjectOffset": -1,
                                    "NextObjectIndex": -1,
                                    "Flags": 0
                                }
                            }
                        }
                    },
                    {
                        "Position": 11034,
                        "Index": 11,
                        "XPos": 184,
                        "YPos": -888,
                        "ZPos": 1392,
                        "Type": "Flat",
                        "Resources": {
                            "FlatResource": {
                                "Position": 11059,
                                "TextureArchive": 210,
                                "TextureRecord": 11,
                                "Flags": 0,
                                "Magnitude": 0,
                                "SoundIndex": 0,
                                "FactionOrMobileId": 0,
                                "NextObjectOffset": -2,
                                "Action": 0
                            }
                        }
                    },
                    {
                        "Position": 11070,
                        "Index": 12,
                        "XPos": 192,
                        "YPos": -864,
                        "ZPos": 1392,
                        "Type": "Light",
                        "Resources": {
                            "LightResource": {
                                "Unknown1": 32,
                                "Unknown2": 4294967294,
                                "Radius": 100
                            }
                        }
                    },
                    {
                        "Position": 11105,
                        "Index": 13,
                        "XPos": 632,
                        "YPos": -632,
                        "ZPos": 1216,
                        "Type": "Flat",
                        "Resources": {
                            "FlatResource": {
                                "Position": 11130,
                                "TextureArchive": 210,
                                "TextureRecord": 11,
                                "Flags": 0,
                                "Magnitude": 0,
                                "SoundIndex": 0,
                                "FactionOrMobileId": 0,
                                "NextObjectOffset": -2,
                                "Action": 0
                            }
                        }
                    },
                    {
                        "Position": 11141,
                        "Index": 14,
                        "XPos": 640,
                        "YPos": -608,
                        "ZPos": 1216,
                        "Type": "Light",
                        "Resources": {
                            "LightResource": {
                                "Unknown1": 32,
                                "Unknown2": 4294967294,
                                "Radius": 100
                            }
                        }
                    },
                    {
                        "Position": 11176,
                        "Index": 15,
                        "XPos": 168,
                        "YPos": -632,
                        "ZPos": 1448,
                        "Type": "Flat",
                        "Resources": {
                            "FlatResource": {
                                "Position": 11201,
                                "TextureArchive": 210,
                                "TextureRecord": 11,
                                "Flags": 0,
                                "Magnitude": 0,
                                "SoundIndex": 0,
                                "FactionOrMobileId": 0,
                                "NextObjectOffset": 0,
                                "Action": 0
                            }
                        }
                    },
                    {
                        "Position": 11212,
                        "Index": 16,
                        "XPos": 160,
                        "YPos": -608,
                        "ZPos": 1440,
                        "Type": "Light",
                        "Resources": {
                            "LightResource": {
                                "Unknown1": 32,
                                "Unknown2": 4294967294,
                                "Radius": 100
                            }
                        }
                    },
                    {
                        "Position": 11247,
                        "Index": 17,
                        "XPos": 512,
                        "YPos": -1400,
                        "ZPos": 1920,
                        "Type": "Flat",
                        "Resources": {
                            "FlatResource": {
                                "Position": 11272,
                                "TextureArchive": 210,
                                "TextureRecord": 13,
                                "Flags": 0,
                                "Magnitude": 0,
                                "SoundIndex": 0,
                                "FactionOrMobileId": 0,
                                "NextObjectOffset": -2,
                                "Action": 0
                            }
                        }
                    },
                    {
                        "Position": 11283,
                        "Index": 18,
                        "XPos": 512,
                        "YPos": -1376,
                        "ZPos": 1920,
                        "Type": "Light",
                        "Resources": {
                            "LightResource": {
                                "Unknown1": 32,
                                "Unknown2": 4294967294,
                                "Radius": 100
                            }
                        }
                    },
                    {
                        "Position": 11318,
                        "Index": 19,
                        "XPos": 0,
                        "YPos": -512,
                        "ZPos": 1384,
                        "Type": "Model",
                        "Resources": {
                            "ModelResource": {
                                "XRotation": 0,
                                "YRotation": -1536,
                                "ZRotation": 0,
                                "ModelIndex": 18,
                                "TriggerFlag_StartingLock": 0,
                                "SoundIndex": 0,
                                "ActionResource": {
                                    "Position": 0,
                                    "Axis": 0,
                                    "Duration": 0,
                                    "Magnitude": 0,
                                    "NextObjectOffset": 0,
                                    "PreviousObjectOffset": -1,
                                    "NextObjectIndex": -1,
                                    "Flags": 0
                                }
                            }
                        }
                    },
                    {
                        "Position": 11366,
                        "Index": 20,
                        "XPos": 384,
                        "YPos": -512,
                        "ZPos": 1152,
                        "Type": "Model",
                        "Resources": {
                            "ModelResource": {
                                "XRotation": 0,
                                "YRotation": -512,
                                "ZRotation": 0,
                                "ModelIndex": 15,
                                "TriggerFlag_StartingLock": 0,
                                "SoundIndex": 0,
                                "ActionResource": {
                                    "Position": 0,
                                    "Axis": 0,
                                    "Duration": 0,
                                    "Magnitude": 0,
                                    "NextObjectOffset": 0,
                                    "PreviousObjectOffset": -1,
                                    "NextObjectIndex": -1,
                                    "Flags": 0
                                }
                            }
                        }
                    },
                    {
                        "Position": 11414,
                        "Index": 21,
                        "XPos": 128,
                        "YPos": -512,
                        "ZPos": 1152,
                        "Type": "Model",
                        "Resources": {
                            "ModelResource": {
                                "XRotation": 0,
                                "YRotation": -3072,
                                "ZRotation": 0,
                                "ModelIndex": 3,
                                "TriggerFlag_StartingLock": 0,
                                "SoundIndex": 0,
                                "ActionResource": {
                                    "Position": 0,
                                    "Axis": 0,
                                    "Duration": 0,
                                    "Magnitude": 0,
                                    "NextObjectOffset": 0,
                                    "PreviousObjectOffset": -1,
                                    "NextObjectIndex": -1,
                                    "Flags": 0
                                }
                            }
                        }
                    },
                    {
                        "Position": 11462,
                        "Index": 22,
                        "XPos": 640,
                        "YPos": -512,
                        "ZPos": 1152,
                        "Type": "Model",
                        "Resources": {
                            "ModelResource": {
                                "XRotation": 0,
                                "YRotation": -2560,
                                "ZRotation": 0,
                                "ModelIndex": 3,
                                "TriggerFlag_StartingLock": 0,
                                "SoundIndex": 0,
                                "ActionResource": {
                                    "Position": 0,
                                    "Axis": 0,
                                    "Duration": 0,
                                    "Magnitude": 0,
                                    "NextObjectOffset": 0,
                                    "PreviousObjectOffset": -1,
                                    "NextObjectIndex": -1,
                                    "Flags": 0
                                }
                            }
                        }
                    },
                    {
                        "Position": 11510,
                        "Index": 23,
                        "XPos": 640,
                        "YPos": -512,
                        "ZPos": 1408,
                        "Type": "Model",
                        "Resources": {
                            "ModelResource": {
                                "XRotation": 0,
                                "YRotation": -2048,
                                "ZRotation": 0,
                                "ModelIndex": 3,
                                "TriggerFlag_StartingLock": 0,
                                "SoundIndex": 0,
                                "ActionResource": {
                                    "Position": 0,
                                    "Axis": 0,
                                    "Duration": 0,
                                    "Magnitude": 0,
                                    "NextObjectOffset": 0,
                                    "PreviousObjectOffset": -1,
                                    "NextObjectIndex": -1,
                                    "Flags": 0
                                }
                            }
                        }
                    },
                    {
                        "Position": 11558,
                        "Index": 24,
                        "XPos": 384,
                        "YPos": -640,
                        "ZPos": 1408,
                        "Type": "Model",
                        "Resources": {
                            "ModelResource": {
                                "XRotation": 0,
                                "YRotation": -1536,
                                "ZRotation": 0,
                                "ModelIndex": 12,
                                "TriggerFlag_StartingLock": 0,
                                "SoundIndex": 0,
                                "ActionResource": {
                                    "Position": 0,
                                    "Axis": 0,
                                    "Duration": 0,
                                    "Magnitude": 0,
                                    "NextObjectOffset": 0,
                                    "PreviousObjectOffset": -1,
                                    "NextObjectIndex": -1,
                                    "Flags": 0
                                }
                            }
                        }
                    },
                    {
                        "Position": 11606,
                        "Index": 25,
                        "XPos": 128,
                        "YPos": -768,
                        "ZPos": 1408,
                        "Type": "Model",
                        "Resources": {
                            "ModelResource": {
                                "XRotation": 0,
                                "YRotation": -1536,
                                "ZRotation": 0,
                                "ModelIndex": 3,
                                "TriggerFlag_StartingLock": 0,
                                "SoundIndex": 0,
                                "ActionResource": {
                                    "Position": 0,
                                    "Axis": 0,
                                    "Duration": 0,
                                    "Magnitude": 0,
                                    "NextObjectOffset": 0,
                                    "PreviousObjectOffset": -1,
                                    "NextObjectIndex": -1,
                                    "Flags": 0
                                }
                            }
                        }
                    },
                    {
                        "Position": 11654,
                        "Index": 26,
                        "XPos": 128,
                        "YPos": -512,
                        "ZPos": 1408,
                        "Type": "Model",
                        "Resources": {
                            "ModelResource": {
                                "XRotation": 0,
                                "YRotation": -1024,
                                "ZRotation": 0,
                                "ModelIndex": 4,
                                "TriggerFlag_StartingLock": 0,
                                "SoundIndex": 0,
                                "ActionResource": {
                                    "Position": 0,
                                    "Axis": 0,
                                    "Duration": 0,
                                    "Magnitude": 0,
                                    "NextObjectOffset": 0,
                                    "PreviousObjectOffset": -1,
                                    "NextObjectIndex": -1,
                                    "Flags": 0
                                }
                            }
                        }
                    },
                    {
                        "Position": 11702,
                        "Index": 27,
                        "XPos": 360,
                        "YPos": -1280,
                        "ZPos": 1792,
                        "Type": "Model",
                        "Resources": {
                            "ModelResource": {
                                "XRotation": 0,
                                "YRotation": 0,
                                "ZRotation": 0,
                                "ModelIndex": 13,
                                "TriggerFlag_StartingLock": 0,
                                "SoundIndex": 0,
                                "ActionResource": {
                                    "Position": 0,
                                    "Axis": 0,
                                    "Duration": 0,
                                    "Magnitude": 0,
                                    "NextObjectOffset": 0,
                                    "PreviousObjectOffset": -1,
                                    "NextObjectIndex": -1,
                                    "Flags": 0
                                }
                            }
                        }
                    },
                    {
                        "Position": 11750,
                        "Index": 28,
                        "XPos": 384,
                        "YPos": -1280,
                        "ZPos": 1664,
                        "Type": "Model",
                        "Resources": {
                            "ModelResource": {
                                "XRotation": 0,
                                "YRotation": -512,
                                "ZRotation": 0,
                                "ModelIndex": 6,
                                "TriggerFlag_StartingLock": 0,
                                "SoundIndex": 0,
                                "ActionResource": {
                                    "Position": 0,
                                    "Axis": 0,
                                    "Duration": 0,
                                    "Magnitude": 0,
                                    "NextObjectOffset": 0,
                                    "PreviousObjectOffset": -1,
                                    "NextObjectIndex": -1,
                                    "Flags": 0
                                }
                            }
                        }
                    },
                    {
                        "Position": 11798,
                        "Index": 29,
                        "XPos": 384,
                        "YPos": -1280,
                        "ZPos": 1920,
                        "Type": "Model",
                        "Resources": {
                            "ModelResource": {
                                "XRotation": 0,
                                "YRotation": -512,
                                "ZRotation": 0,
                                "ModelIndex": 4,
                                "TriggerFlag_StartingLock": 0,
                                "SoundIndex": 0,
                                "ActionResource": {
                                    "Position": 0,
                                    "Axis": 0,
                                    "Duration": 0,
                                    "Magnitude": 0,
                                    "NextObjectOffset": 0,
                                    "PreviousObjectOffset": -1,
                                    "NextObjectIndex": -1,
                                    "Flags": 0
                                }
                            }
                        }
                    }
                ]
            },
            {
                "RdbObjects": [
                    {
                        "Position": 12713,
                        "Index": 0,
                        "XPos": 1759,
                        "YPos": -536,
                        "ZPos": 1401,
                        "Type": "Flat",
                        "Resources": {
                            "FlatResource": {
                                "Position": 12738,
                                "TextureArchive": 199,
                                "TextureRecord": 15,
                                "Flags": 3,
                                "Magnitude": 0,
                                "SoundIndex": 2,
                                "FactionOrMobileId": 512,
                                "NextObjectOffset": 0,
                                "Action": 0
                            }
                        }
                    },
                    {
                        "Position": 11846,
                        "Index": 1,
                        "XPos": 1152,
                        "YPos": -768,
                        "ZPos": 1920,
                        "Type": "Model",
                        "Resources": {
                            "ModelResource": {
                                "XRotation": 0,
                                "YRotation": -1536,
                                "ZRotation": 0,
                                "ModelIndex": 0,
                                "TriggerFlag_StartingLock": 0,
                                "SoundIndex": 0,
                                "ActionResource": {
                                    "Position": 0,
                                    "Axis": 0,
                                    "Duration": 0,
                                    "Magnitude": 0,
                                    "NextObjectOffset": 0,
                                    "PreviousObjectOffset": -1,
                                    "NextObjectIndex": -1,
                                    "Flags": 0
                                }
                            }
                        }
                    },
                    {
                        "Position": 11894,
                        "Index": 2,
                        "XPos": 1432,
                        "YPos": -632,
                        "ZPos": 1920,
                        "Type": "Flat",
                        "Resources": {
                            "FlatResource": {
                                "Position": 11919,
                                "TextureArchive": 210,
                                "TextureRecord": 13,
                                "Flags": 0,
                                "Magnitude": 0,
                                "SoundIndex": 0,
                                "FactionOrMobileId": 0,
                                "NextObjectOffset": 0,
                                "Action": 0
                            }
                        }
                    },
                    {
                        "Position": 11930,
                        "Index": 3,
                        "XPos": 1440,
                        "YPos": -608,
                        "ZPos": 1920,
                        "Type": "Light",
                        "Resources": {
                            "LightResource": {
                                "Unknown1": 32,
                                "Unknown2": 0,
                                "Radius": 100
                            }
                        }
                    },
                    {
                        "Position": 11965,
                        "Index": 4,
                        "XPos": 1408,
                        "YPos": -512,
                        "ZPos": 1920,
                        "Type": "Model",
                        "Resources": {
                            "ModelResource": {
                                "XRotation": 0,
                                "YRotation": -1536,
                                "ZRotation": 0,
                                "ModelIndex": 4,
                                "TriggerFlag_StartingLock": 0,
                                "SoundIndex": 0,
                                "ActionResource": {
                                    "Position": 0,
                                    "Axis": 0,
                                    "Duration": 0,
                                    "Magnitude": 0,
                                    "NextObjectOffset": 0,
                                    "PreviousObjectOffset": -1,
                                    "NextObjectIndex": -1,
                                    "Flags": 0
                                }
                            }
                        }
                    },
                    {
                        "Position": 12013,
                        "Index": 5,
                        "XPos": 1784,
                        "YPos": -512,
                        "ZPos": 1128,
                        "Type": "Model",
                        "Resources": {
                            "ModelResource": {
                                "XRotation": 0,
                                "YRotation": -1536,
                                "ZRotation": 0,
                                "ModelIndex": 13,
                                "TriggerFlag_StartingLock": 0,
                                "SoundIndex": 0,
                                "ActionResource": {
                                    "Position": 0,
                                    "Axis": 0,
                                    "Duration": 0,
                                    "Magnitude": 0,
                                    "NextObjectOffset": 0,
                                    "PreviousObjectOffset": -1,
                                    "NextObjectIndex": -1,
                                    "Flags": 0
                                }
                            }
                        }
                    },
                    {
                        "Position": 12061,
                        "Index": 6,
                        "XPos": 1984,
                        "YPos": -512,
                        "ZPos": 1152,
                        "Type": "Model",
                        "Resources": {
                            "ModelResource": {
                                "XRotation": 0,
                                "YRotation": -512,
                                "ZRotation": 0,
                                "ModelIndex": 2,
                                "TriggerFlag_StartingLock": 0,
                                "SoundIndex": 0,
                                "ActionResource": {
                                    "Position": 0,
                                    "Axis": 0,
                                    "Duration": 0,
                                    "Magnitude": 0,
                                    "NextObjectOffset": 0,
                                    "PreviousObjectOffset": -1,
                                    "NextObjectIndex": -1,
                                    "Flags": 0
                                }
                            }
                        }
                    }
                ]
            },
            {
                "RdbObjects": null
            },
            {
                "RdbObjects": null
            },
            {
                "RdbObjects": null
            },
            {
                "RdbObjects": null
            },
            {
                "RdbObjects": null
            },
            {
                "RdbObjects": null
            },
            {
                "RdbObjects": null
            },
            {
                "RdbObjects": null
            },
            {
                "RdbObjects": null
            },
            {
                "RdbObjects": null
            }
        ]
    },
    "RdiBlock": {
        "Data": null
    }
}