{
    "Position": 28494484,
    "Index": 1048,
    "Name": "M0000002.RDB",
    "Type": "Rdb",
    "RmbBlock": {
        "FldHeader": {
            "NumBlockDataRecords": 0,
            "NumMisc3dObjectRecords": 0,
            "NumMiscFlatObjectRecords": 0,
            "BlockPositions": null,
            "BuildingDataList": null,
            "BlockDataSizes": null,
            "GroundData": {

            },
            "AutoMapData": null,
            "Name": null,
            "OtherNames": null
        },
        "SubRecords": null,
        "Misc3dObjectRecords": null,
        "MiscFlatObjectRecords": null
    },
    "RdbBlock": {
        "ModelReferenceList": [
            {
                "ModelId": "55002",
                "ModelIdNum": 55002,
                "Description": "DOR"
            },
            {
                "ModelId": "58051",
                "ModelIdNum": 58051,
                "Description": "CRP"
            },
            {
                "ModelId": "67019",
                "ModelIdNum": 67019,
                "Description": "C09"
            },
            {
                "ModelId": "67025",
                "ModelIdNum": 67025,
                "Description": "C0D"
            },
            {
                "ModelId": "67012",
                "ModelIdNum": 67012,
                "Description": "C06"
            },
            {
                "ModelId": "67014",
                "ModelIdNum": 67014,
                "Description": "C08"
            },
            {
                "ModelId": "64300",
                "ModelIdNum": 64300,
                "Description": "R01"
            },
            {
                "ModelId": "55001",
                "ModelIdNum": 55001,
                "Description": "DOR"
            },
            {
                "ModelId": "09003",
                "ModelIdNum": 9003,
                "Description": "DOR"
            },
            {
                "ModelId": "41322",
                "ModelIdNum": 41322,
                "Description": "XXX"
            },
            {
                "ModelId": "41323",
                "ModelIdNum": 41323,
                "Description": "XXX"
            },
            {
                "ModelId": "41318",
                "ModelIdNum": 41318,
                "Description": "XXX"
            },
            {
                "ModelId": "41320",
                "ModelIdNum": 41320,
                "Description": "XXX"
            }
        ],
        "ObjectRootList": [
            {
                "RdbObjects": null
            },
            {
                "RdbObjects": [
                    {
                        "Position": 11534,
                        "Index": 0,
                        "XPos": 1702,
                        "YPos": -288,
                        "ZPos": 986,
                        "Type": "Flat",
                        "Resources": {
                            "FlatResource": {
                                "Position": 11559,
                                "TextureArchive": 199,
                                "TextureRecord": 8,
                                "Flags": 0,
                                "Magnitude": 0,
                                "SoundIndex": 0,
                                "FactionOrMobileId": 0,
                                "NextObjectOffset": 0,
                                "Action": 0
                            }
                        }
                    },
                    {
                        "Position": 11486,
                        "Index": 1,
                        "XPos": 1272,
                        "YPos": -256,
                        "ZPos": 1000,
                        "Type": "Model",
                        "Resources": {
                            "ModelResource": {
                                "XRotation": 0,
                                "YRotation": 512,
                                "ZRotation": 0,
                                "ModelIndex": 7,
                                "TriggerFlag_StartingLock": 0,
                                "SoundIndex": 0,
                                "ActionResource": {
                                    "Position": 0,
                                    "Axis": 0,
                                    "Duration": 0,
                                    "Magnitude": 0,
                                    "NextObjectOffset": 0,
                                    "PreviousObjectOffset": -1,
                                    "NextObjectIndex": -1,
                                    "Flags": 0
                                }
                            }
                        }
                    },
                    {
                        "Position": 11438,
                        "Index": 2,
                        "XPos": 1536,
                        "YPos": -256,
                        "ZPos": 1000,
                        "Type": "Model",
                        "Resources": {
                            "ModelResource": {
                                "XRotation": 0,
                                "YRotation": 512,
                                "ZRotation": 0,
                                "ModelIndex": 7,
                                "TriggerFlag_StartingLock": 0,
                                "SoundIndex": 0,
                                "ActionResource": {
                                    "Position": 0,
                                    "Axis": 0,
                                    "Duration": 0,
                                    "Magnitude": 0,
                                    "NextObjectOffset": 0,
                                    "PreviousObjectOffset": -1,
                                    "NextObjectIndex": -1,
                                    "Flags": 0
                                }
                            }
                        }
                    },
                    {
                        "Position": 11282,
                        "Index": 3,
                        "XPos": 1072,
                        "YPos": -288,
                        "ZPos": 992,
                        "Type": "Flat",
                        "Resources": {
                            "FlatResource": {
                                "Position": 11307,
                                "TextureArchive": 199,
                                "TextureRecord": 19,
                                "Flags": 0,
                                "Magnitude": 0,
                                "SoundIndex": 0,
                                "FactionOrMobileId": 0,
                                "NextObjectOffset": 0,
                                "Action": 0
                            }
                        }
                    },
                    {
                        "Position": 11210,
                        "Index": 4,
                        "XPos": 1408,
                        "YPos": -288,
                        "ZPos": 800,
                        "Type": "Flat",
                        "Resources": {
                            "FlatResource": {
                                "Position": 11235,
                                "TextureArchive": 199,
                                "TextureRecord": 15,
                                "Flags": 2,
                                "Magnitude": 0,
                                "SoundIndex": 6,
                                "FactionOrMobileId": 1536,
                                "NextObjectOffset": 0,
                                "Action": 0
                            }
                        }
                    },
                    {
                        "Position": 11139,
                        "Index": 5,
                        "XPos": 1044,
                        "YPos": -352,
                        "ZPos": 976,
                        "Type": "Flat",
                        "Resources": {
                            "FlatResource": {
                                "Position": 11164,
                                "TextureArchive": 210,
                                "TextureRecord": 17,
                                "Flags": 0,
                                "Magnitude": 0,
                                "SoundIndex": 0,
                                "FactionOrMobileId": 0,
                                "NextObjectOffset": -2,
                                "Action": 0
                            }
                        }
                    },
                    {
                        "Position": 10961,
                        "Index": 6,
                        "XPos": 1408,
                        "YPos": -320,
                        "ZPos": 720,
                        "Type": "Light",
                        "Resources": {
                            "LightResource": {
                                "Unknown1": 25,
                                "Unknown2": 0,
                                "Radius": 45
                            }
                        }
                    },
                    {
                        "Position": 10925,
                        "Index": 7,
                        "XPos": 1408,
                        "YPos": -302,
                        "ZPos": 724,
                        "Type": "Flat",
                        "Resources": {
                            "FlatResource": {
                                "Position": 10950,
                                "TextureArchive": 210,
                                "TextureRecord": 20,
                                "Flags": 8,
                                "Magnitude": 0,
                                "SoundIndex": 38,
                                "FactionOrMobileId": 9728,
                                "NextObjectOffset": 0,
                                "Action": 23
                            }
                        }
                    },
                    {
                        "Position": 10747,
                        "Index": 8,
                        "XPos": 1600,
                        "YPos": -270,
                        "ZPos": 976,
                        "Type": "Model",
                        "Resources": {
                            "ModelResource": {
                                "XRotation": 0,
                                "YRotation": 0,
                                "ZRotation": 0,
                                "ModelIndex": 11,
                                "TriggerFlag_StartingLock": 0,
                                "SoundIndex": 0,
                                "ActionResource": {
                                    "Position": 0,
                                    "Axis": 0,
                                    "Duration": 0,
                                    "Magnitude": 0,
                                    "NextObjectOffset": 0,
                                    "PreviousObjectOffset": -1,
                                    "NextObjectIndex": -1,
                                    "Flags": 0
                                }
                            }
                        }
                    },
                    {
                        "Position": 10605,
                        "Index": 9,
                        "XPos": 1712,
                        "YPos": -275,
                        "ZPos": 976,
                        "Type": "Model",
                        "Resources": {
                            "ModelResource": {
                                "XRotation": 0,
                                "YRotation": -256,
                                "ZRotation": 0,
                                "ModelIndex": 9,
                                "TriggerFlag_StartingLock": 0,
                                "SoundIndex": 0,
                                "ActionResource": {
                                    "Position": 0,
                                    "Axis": 0,
                                    "Duration": 0,
                                    "Magnitude": 0,
                                    "NextObjectOffset": 0,
                                    "PreviousObjectOffset": -1,
                                    "NextObjectIndex": -1,
                                    "Flags": 0
                                }
                            }
                        }
                    },
                    {
                        "Position": 10296,
                        "Index": 10,
                        "XPos": 1216,
                        "YPos": -256,
                        "ZPos": 960,
                        "Type": "Model",
                        "Resources": {
                            "ModelResource": {
                                "XRotation": 0,
                                "YRotation": -512,
                                "ZRotation": 0,
                                "ModelIndex": 6,
                                "TriggerFlag_StartingLock": 0,
                                "SoundIndex": 0,
                                "ActionResource": {
                                    "Position": 0,
                                    "Axis": 0,
                                    "Duration": 0,
                                    "Magnitude": 0,
                                    "NextObjectOffset": 0,
                                    "PreviousObjectOffset": -1,
                                    "NextObjectIndex": -1,
                                    "Flags": 0
                                }
                            }
                        }
                    },
                    {
                        "Position": 10225,
                        "Index": 11,
                        "XPos": 1408,
                        "YPos": -256,
                        "ZPos": 768,
                        "Type": "Model",
                        "Resources": {
                            "ModelResource": {
                                "XRotation": 0,
                                "YRotation": 0,
                                "ZRotation": 0,
                                "ModelIndex": 5,
                                "TriggerFlag_StartingLock": 0,
                                "SoundIndex": 0,
                                "ActionResource": {
                                    "Position": 0,
                                    "Axis": 0,
                                    "Duration": 0,
                                    "Magnitude": 0,
                                    "NextObjectOffset": 0,
                                    "PreviousObjectOffset": -1,
                                    "NextObjectIndex": -1,
                                    "Flags": 0
                                }
                            }
                        }
                    }
                ]
            },
            {
                "RdbObjects": null
            },
            {
                "RdbObjects": null
            },
            {
                "RdbObjects": null
            },
            {
                "RdbObjects": [
                    {
                        "Position": 11390,
                        "Index": 0,
                        "XPos": 1384,
                        "YPos": -512,
                        "ZPos": 1672,
                        "Type": "Model",
                        "Resources": {
                            "ModelResource": {
                                "XRotation": 0,
                                "YRotation": 0,
                                "ZRotation": 0,
                                "ModelIndex": 0,
                                "TriggerFlag_StartingLock": 0,
                                "SoundIndex": 0,
                                "ActionResource": {
                                    "Position": 0,
                                    "Axis": 0,
                                    "Duration": 0,
                                    "Magnitude": 0,
                                    "NextObjectOffset": 0,
                                    "PreviousObjectOffset": -1,
                                    "NextObjectIndex": -1,
                                    "Flags": 0
                                }
                            }
                        }
                    },
                    {
                        "Position": 11354,
                        "Index": 1,
                        "XPos": 1728,
                        "YPos": -288,
                        "ZPos": 1104,
                        "Type": "Flat",
                        "Resources": {
                            "FlatResource": {
                                "Position": 11379,
                                "TextureArchive": 199,
                                "TextureRecord": 20,
                                "Flags": 0,
                                "Magnitude": 0,
                                "SoundIndex": 0,
                                "FactionOrMobileId": 0,
                                "NextObjectOffset": -2,
                                "Action": 0
                            }
                        }
                    },
                    {
                        "Position": 11318,
                        "Index": 2,
                        "XPos": 1584,
                        "YPos": -288,
                        "ZPos": 1104,
                        "Type": "Flat",
                        "Resources": {
                            "FlatResource": {
                                "Position": 11343,
                                "TextureArchive": 199,
                                "TextureRecord": 20,
                                "Flags": 0,
                                "Magnitude": 0,
                                "SoundIndex": 0,
                                "FactionOrMobileId": 0,
                                "NextObjectOffset": 0,
                                "Action": 0
                            }
                        }
                    },
                    {
                        "Position": 11246,
                        "Index": 3,
                        "XPos": 1072,
                        "YPos": -288,
                        "ZPos": 1104,
                        "Type": "Flat",
                        "Resources": {
                            "FlatResource": {
                                "Position": 11271,
                                "TextureArchive": 199,
                                "TextureRecord": 15,
                                "Flags": 1,
                                "Magnitude": 0,
                                "SoundIndex": 2,
                                "FactionOrMobileId": 512,
                                "NextObjectOffset": -2,
                                "Action": 0
                            }
                        }
                    },
                    {
                        "Position": 11175,
                        "Index": 4,
                        "XPos": 1064,
                        "YPos": -352,
                        "ZPos": 1024,
                        "Type": "Light",
                        "Resources": {
                            "LightResource": {
                                "Unknown1": 18,
                                "Unknown2": 0,
                                "Radius": 70
                            }
                        }
                    },
                    {
                        "Position": 11103,
                        "Index": 5,
                        "XPos": 1044,
                        "YPos": -352,
                        "ZPos": 1024,
                        "Type": "Flat",
                        "Resources": {
                            "FlatResource": {
                                "Position": 11128,
                                "TextureArchive": 210,
                                "TextureRecord": 17,
                                "Flags": 0,
                                "Magnitude": 0,
                                "SoundIndex": 0,
                                "FactionOrMobileId": 0,
                                "NextObjectOffset": -2,
                                "Action": 0
                            }
                        }
                    },
                    {
                        "Position": 11067,
                        "Index": 6,
                        "XPos": 1044,
                        "YPos": -352,
                        "ZPos": 1072,
                        "Type": "Flat",
                        "Resources": {
                            "FlatResource": {
                                "Position": 11092,
                                "TextureArchive": 210,
                                "TextureRecord": 17,
                                "Flags": 0,
                                "Magnitude": 0,
                                "SoundIndex": 0,
                                "FactionOrMobileId": 0,
                                "NextObjectOffset": 0,
                                "Action": 0
                            }
                        }
                    },
                    {
                        "Position": 10996,
                        "Index": 7,
                        "XPos": 1152,
                        "YPos": -288,
                        "ZPos": 1024,
                        "Type": "Model",
                        "Resources": {
                            "ModelResource": {
                                "XRotation": 0,
                                "YRotation": 1024,
                                "ZRotation": 0,
                                "ModelIndex": 12,
                                "TriggerFlag_StartingLock": 0,
                                "SoundIndex": 0,
                                "ActionResource": {
                                    "Position": 0,
                                    "Axis": 0,
                                    "Duration": 0,
                                    "Magnitude": 0,
                                    "NextObjectOffset": 0,
                                    "PreviousObjectOffset": -1,
                                    "NextObjectIndex": -1,
                                    "Flags": 0
                                }
                            }
                        }
                    },
                    {
                        "Position": 10890,
                        "Index": 8,
                        "XPos": 1648,
                        "YPos": -321,
                        "ZPos": 1024,
                        "Type": "Light",
                        "Resources": {
                            "LightResource": {
                                "Unknown1": 30,
                                "Unknown2": 0,
                                "Radius": 40
                            }
                        }
                    },
                    {
                        "Position": 10818,
                        "Index": 9,
                        "XPos": 1648,
                        "YPos": -302,
                        "ZPos": 1024,
                        "Type": "Flat",
                        "Resources": {
                            "FlatResource": {
                                "Position": 10843,
                                "TextureArchive": 210,
                                "TextureRecord": 20,
                                "Flags": 0,
                                "Magnitude": 0,
                                "SoundIndex": 0,
                                "FactionOrMobileId": 0,
                                "NextObjectOffset": 0,
                                "Action": 0
                            }
                        }
                    },
                    {
                        "Position": 10676,
                        "Index": 10,
                        "XPos": 1664,
                        "YPos": -275,
                        "ZPos": 1088,
                        "Type": "Model",
                        "Resources": {
                            "ModelResource": {
                                "XRotation": 0,
                                "YRotation": 256,
                                "ZRotation": 0,
                                "ModelIndex": 10,
                                "TriggerFlag_StartingLock": 0,
                                "SoundIndex": 0,
                                "ActionResource": {
                                    "Position": 0,
                                    "Axis": 0,
                                    "Duration": 0,
                                    "Magnitude": 0,
                                    "NextObjectOffset": 0,
                                    "PreviousObjectOffset": -1,
                                    "NextObjectIndex": -1,
                                    "Flags": 0
                                }
                            }
                        }
                    },
                    {
                        "Position": 10367,
                        "Index": 11,
                        "XPos": 1600,
                        "YPos": -256,
                        "ZPos": 1088,
                        "Type": "Model",
                        "Resources": {
                            "ModelResource": {
                                "XRotation": 0,
                                "YRotation": -1536,
                                "ZRotation": 0,
                                "ModelIndex": 6,
                                "TriggerFlag_StartingLock": 0,
                                "SoundIndex": 0,
                                "ActionResource": {
                                    "Position": 0,
                                    "Axis": 0,
                                    "Duration": 0,
                                    "Magnitude": 0,
                                    "NextObjectOffset": 0,
                                    "PreviousObjectOffset": -1,
                                    "NextObjectIndex": -1,
                                    "Flags": 0
                                }
                            }
                        }
                    },
                    {
                        "Position": 10154,
                        "Index": 12,
                        "XPos": 1408,
                        "YPos": -256,
                        "ZPos": 1024,
                        "Type": "Model",
                        "Resources": {
                            "ModelResource": {
                                "XRotation": 0,
                                "YRotation": 0,
                                "ZRotation": 0,
                                "ModelIndex": 4,
                                "TriggerFlag_StartingLock": 0,
                                "SoundIndex": 0,
                                "ActionResource": {
                                    "Position": 0,
                                    "Axis": 0,
                                    "Duration": 0,
                                    "Magnitude": 0,
                                    "NextObjectOffset": 0,
                                    "PreviousObjectOffset": -1,
                                    "NextObjectIndex": -1,
                                    "Flags": 0
                                }
                            }
                        }
                    },
                    {
                        "Position": 10083,
                        "Index": 13,
                        "XPos": 1408,
                        "YPos": -384,
                        "ZPos": 1280,
                        "Type": "Model",
                        "Resources": {
                            "ModelResource": {
                                "XRotation": 0,
                                "YRotation": 0,
                                "ZRotation": 0,
                                "ModelIndex": 3,
                                "TriggerFlag_StartingLock": 0,
                                "SoundIndex": 0,
                                "ActionResource": {
                                    "Position": 0,
                                    "Axis": 0,
                                    "Duration": 0,
                                    "Magnitude": 0,
                                    "NextObjectOffset": 0,
                                    "PreviousObjectOffset": -1,
                                    "NextObjectIndex": -1,
                                    "Flags": 0
                                }
                            }
                        }
                    },
                    {
                        "Position": 10035,
                        "Index": 14,
                        "XPos": 1408,
                        "YPos": -512,
                        "ZPos": 1536,
                        "Type": "Model",
                        "Resources": {
                            "ModelResource": {
                                "XRotation": 0,
                                "YRotation": -1024,
                                "ZRotation": 0,
                                "ModelIndex": 2,
                                "TriggerFlag_StartingLock": 0,
                                "SoundIndex": 0,
                                "ActionResource": {
                                    "Position": 0,
                                    "Axis": 0,
                                    "Duration": 0,
                                    "Magnitude": 0,
                                    "NextObjectOffset": 0,
                                    "PreviousObjectOffset": -1,
                                    "NextObjectIndex": -1,
                                    "Flags": 0
                                }
                            }
                        }
                    },
                    {
                        "Position": 9999,
                        "Index": 15,
                        "XPos": 1408,
                        "YPos": -544,
                        "ZPos": 2016,
                        "Type": "Flat",
                        "Resources": {
                            "FlatResource": {
                                "Position": 10024,
                                "TextureArchive": 199,
                                "TextureRecord": 10,
                                "Flags": 0,
                                "Magnitude": 0,
                                "SoundIndex": 0,
                                "FactionOrMobileId": 0,
                                "NextObjectOffset": 0,
                                "Action": 0
                            }
                        }
                    },
                    {
                        "Position": 9929,
                        "Index": 16,
                        "XPos": 1408,
                        "YPos": -576,
                        "ZPos": 1728,
                        "Type": "Light",
                        "Resources": {
                            "LightResource": {
                                "Unknown1": 28,
                                "Unknown2": 0,
                                "Radius": 60
                            }
                        }
                    },
                    {
                        "Position": 9893,
                        "Index": 17,
                        "XPos": 1451,
                        "YPos": -561,
                        "ZPos": 1708,
                        "Type": "Flat",
                        "Resources": {
                            "FlatResource": {
                                "Position": 9918,
                                "TextureArchive": 210,
                                "TextureRecord": 6,
                                "Flags": 0,
                                "Magnitude": 0,
                                "SoundIndex": 0,
                                "FactionOrMobileId": 0,
                                "NextObjectOffset": -2,
                                "Action": 0
                            }
                        }
                    },
                    {
                        "Position": 9857,
                        "Index": 18,
                        "XPos": 1365,
                        "YPos": -560,
                        "ZPos": 1706,
                        "Type": "Flat",
                        "Resources": {
                            "FlatResource": {
                                "Position": 9882,
                                "TextureArchive": 210,
                                "TextureRecord": 6,
                                "Flags": 0,
                                "Magnitude": 0,
                                "SoundIndex": 0,
                                "FactionOrMobileId": 0,
                                "NextObjectOffset": 0,
                                "Action": 0
                            }
                        }
                    },
                    {
                        "Position": 9809,
                        "Index": 19,
                        "XPos": 1408,
                        "YPos": -576,
                        "ZPos": 1856,
                        "Type": "Model",
                        "Resources": {
                            "ModelResource": {
                                "XRotation": 0,
                                "YRotation": 0,
                                "ZRotation": 0,
                                "ModelIndex": 1,
                                "TriggerFlag_StartingLock": 0,
                                "SoundIndex": 0,
                                "ActionResource": {
                                    "Position": 0,
                                    "Axis": 0,
                                    "Duration": 0,
                                    "Magnitude": 0,
                                    "NextObjectOffset": 0,
                                    "PreviousObjectOffset": -1,
                                    "NextObjectIndex": -1,
                                    "Flags": 0
                                }
                            }
                        }
                    }
                ]
            },
            {
                "RdbObjects": null
            },
            {
                "RdbObjects": null
            },
            {
                "RdbObjects": null
            },
            {
                "RdbObjects": null
            },
            {
                "RdbObjects": null
            },
            {
                "RdbObjects": null
            },
            {
                "RdbObjects": null
            },
            {
                "RdbObjects": null
            },
            {
                "RdbObjects": null
            },
            {
                "RdbObjects": null
            }
        ]
    },
    "RdiBlock": {
        "Data": null
    }
}