{
    "Position": 28482298,
    "Index": 1047,
    "Name": "M0000001.RDB",
    "Type": "Rdb",
    "RmbBlock": {
        "FldHeader": {
            "NumBlockDataRecords": 0,
            "NumMisc3dObjectRecords": 0,
            "NumMiscFlatObjectRecords": 0,
            "BlockPositions": null,
            "BuildingDataList": null,
            "BlockDataSizes": null,
            "GroundData": {

            },
            "AutoMapData": null,
            "Name": null,
            "OtherNames": null
        },
        "SubRecords": null,
        "Misc3dObjectRecords": null,
        "MiscFlatObjectRecords": null
    },
    "RdbBlock": {
        "ModelReferenceList": [
            {
                "ModelId": "REF_C",
                "ModelIdNum": 0,
                "Description": "UBE"
            },
            {
                "ModelId": "58051",
                "ModelIdNum": 58051,
                "Description": "CRP"
            },
            {
                "ModelId": "67019",
                "ModelIdNum": 67019,
                "Description": "C09"
            },
            {
                "ModelId": "67025",
                "ModelIdNum": 67025,
                "Description": "C0D"
            },
            {
                "ModelId": "67011",
                "ModelIdNum": 67011,
                "Description": "C01"
            },
            {
                "ModelId": "55004",
                "ModelIdNum": 55004,
                "Description": "DOR"
            },
            {
                "ModelId": "67022",
                "ModelIdNum": 67022,
                "Description": "C09"
            },
            {
                "ModelId": "67015",
                "ModelIdNum": 67015,
                "Description": "C1O"
            },
            {
                "ModelId": "72012",
                "ModelIdNum": 72012,
                "Description": "R51"
            },
            {
                "ModelId": "64300",
                "ModelIdNum": 64300,
                "Description": "R01"
            },
            {
                "ModelId": "55003",
                "ModelIdNum": 55003,
                "Description": "DOR"
            },
            {
                "ModelId": "55006",
                "ModelIdNum": 55006,
                "Description": "DOR"
            },
            {
                "ModelId": "41319",
                "ModelIdNum": 41319,
                "Description": "XXX"
            },
            {
                "ModelId": "41300",
                "ModelIdNum": 41300,
                "Description": "XXX"
            },
            {
                "ModelId": "41108",
                "ModelIdNum": 41108,
                "Description": "XXX"
            },
            {
                "ModelId": "41006",
                "ModelIdNum": 41006,
                "Description": "XXX"
            },
            {
                "ModelId": "41305",
                "ModelIdNum": 41305,
                "Description": "XXX"
            }
        ],
        "ObjectRootList": [
            {
                "RdbObjects": [
                    {
                        "Position": 11711,
                        "Index": 0,
                        "XPos": 88,
                        "YPos": -64,
                        "ZPos": 512,
                        "Type": "Light",
                        "Resources": {
                            "LightResource": {
                                "Unknown1": 25,
                                "Unknown2": 0,
                                "Radius": 55
                            }
                        }
                    },
                    {
                        "Position": 11675,
                        "Index": 1,
                        "XPos": 72,
                        "YPos": -48,
                        "ZPos": 472,
                        "Type": "Flat",
                        "Resources": {
                            "FlatResource": {
                                "Position": 11700,
                                "TextureArchive": 210,
                                "TextureRecord": 6,
                                "Flags": 0,
                                "Magnitude": 0,
                                "SoundIndex": 0,
                                "FactionOrMobileId": 0,
                                "NextObjectOffset": -2,
                                "Action": 0
                            }
                        }
                    },
                    {
                        "Position": 11639,
                        "Index": 2,
                        "XPos": 72,
                        "YPos": -48,
                        "ZPos": 552,
                        "Type": "Flat",
                        "Resources": {
                            "FlatResource": {
                                "Position": 11664,
                                "TextureArchive": 210,
                                "TextureRecord": 6,
                                "Flags": 0,
                                "Magnitude": 0,
                                "SoundIndex": 0,
                                "FactionOrMobileId": 0,
                                "NextObjectOffset": 0,
                                "Action": 0
                            }
                        }
                    },
                    {
                        "Position": 11568,
                        "Index": 3,
                        "XPos": 32,
                        "YPos": -57,
                        "ZPos": 512,
                        "Type": "Model",
                        "Resources": {
                            "ModelResource": {
                                "XRotation": -1024,
                                "YRotation": -512,
                                "ZRotation": -512,
                                "ModelIndex": 12,
                                "TriggerFlag_StartingLock": 0,
                                "SoundIndex": 0,
                                "ActionResource": {
                                    "Position": 0,
                                    "Axis": 0,
                                    "Duration": 0,
                                    "Magnitude": 0,
                                    "NextObjectOffset": 0,
                                    "PreviousObjectOffset": -1,
                                    "NextObjectIndex": -1,
                                    "Flags": 0
                                }
                            }
                        }
                    },
                    {
                        "Position": 11532,
                        "Index": 4,
                        "XPos": 264,
                        "YPos": -32,
                        "ZPos": 512,
                        "Type": "Flat",
                        "Resources": {
                            "FlatResource": {
                                "Position": 11557,
                                "TextureArchive": 199,
                                "TextureRecord": 15,
                                "Flags": 1,
                                "Magnitude": 0,
                                "SoundIndex": 3,
                                "FactionOrMobileId": 768,
                                "NextObjectOffset": 0,
                                "Action": 0
                            }
                        }
                    },
                    {
                        "Position": 11496,
                        "Index": 5,
                        "XPos": 176,
                        "YPos": -32,
                        "ZPos": 320,
                        "Type": "Flat",
                        "Resources": {
                            "FlatResource": {
                                "Position": 11521,
                                "TextureArchive": 199,
                                "TextureRecord": 20,
                                "Flags": 0,
                                "Magnitude": 0,
                                "SoundIndex": 0,
                                "FactionOrMobileId": 0,
                                "NextObjectOffset": 0,
                                "Action": 0
                            }
                        }
                    },
                    {
                        "Position": 11460,
                        "Index": 6,
                        "XPos": 336,
                        "YPos": -32,
                        "ZPos": 712,
                        "Type": "Flat",
                        "Resources": {
                            "FlatResource": {
                                "Position": 11485,
                                "TextureArchive": 199,
                                "TextureRecord": 19,
                                "Flags": 0,
                                "Magnitude": 0,
                                "SoundIndex": 0,
                                "FactionOrMobileId": 0,
                                "NextObjectOffset": -2,
                                "Action": 0
                            }
                        }
                    },
                    {
                        "Position": 11424,
                        "Index": 7,
                        "XPos": 112,
                        "YPos": -32,
                        "ZPos": 760,
                        "Type": "Flat",
                        "Resources": {
                            "FlatResource": {
                                "Position": 11449,
                                "TextureArchive": 199,
                                "TextureRecord": 19,
                                "Flags": 0,
                                "Magnitude": 0,
                                "SoundIndex": 0,
                                "FactionOrMobileId": 0,
                                "NextObjectOffset": -2,
                                "Action": 0
                            }
                        }
                    },
                    {
                        "Position": 11388,
                        "Index": 8,
                        "XPos": 152,
                        "YPos": -32,
                        "ZPos": 240,
                        "Type": "Flat",
                        "Resources": {
                            "FlatResource": {
                                "Position": 11413,
                                "TextureArchive": 199,
                                "TextureRecord": 19,
                                "Flags": 0,
                                "Magnitude": 0,
                                "SoundIndex": 0,
                                "FactionOrMobileId": 0,
                                "NextObjectOffset": -2,
                                "Action": 0
                            }
                        }
                    },
                    {
                        "Position": 11352,
                        "Index": 9,
                        "XPos": 384,
                        "YPos": -32,
                        "ZPos": 336,
                        "Type": "Flat",
                        "Resources": {
                            "FlatResource": {
                                "Position": 11377,
                                "TextureArchive": 199,
                                "TextureRecord": 19,
                                "Flags": 0,
                                "Magnitude": 0,
                                "SoundIndex": 0,
                                "FactionOrMobileId": 0,
                                "NextObjectOffset": 0,
                                "Action": 0
                            }
                        }
                    },
                    {
                        "Position": 11317,
                        "Index": 10,
                        "XPos": 616,
                        "YPos": -96,
                        "ZPos": 768,
                        "Type": "Light",
                        "Resources": {
                            "LightResource": {
                                "Unknown1": 16,
                                "Unknown2": 0,
                                "Radius": 70
                            }
                        }
                    },
                    {
                        "Position": 11281,
                        "Index": 11,
                        "XPos": 600,
                        "YPos": -96,
                        "ZPos": 720,
                        "Type": "Flat",
                        "Resources": {
                            "FlatResource": {
                                "Position": 11306,
                                "TextureArchive": 210,
                                "TextureRecord": 16,
                                "Flags": 0,
                                "Magnitude": 0,
                                "SoundIndex": 0,
                                "FactionOrMobileId": 0,
                                "NextObjectOffset": -2,
                                "Action": 0
                            }
                        }
                    },
                    {
                        "Position": 11245,
                        "Index": 12,
                        "XPos": 592,
                        "YPos": -96,
                        "ZPos": 816,
                        "Type": "Flat",
                        "Resources": {
                            "FlatResource": {
                                "Position": 11270,
                                "TextureArchive": 210,
                                "TextureRecord": 16,
                                "Flags": 0,
                                "Magnitude": 0,
                                "SoundIndex": 0,
                                "FactionOrMobileId": 0,
                                "NextObjectOffset": 0,
                                "Action": 0
                            }
                        }
                    },
                    {
                        "Position": 10724,
                        "Index": 13,
                        "XPos": 512,
                        "YPos": 0,
                        "ZPos": 792,
                        "Type": "Model",
                        "Resources": {
                            "ModelResource": {
                                "XRotation": 0,
                                "YRotation": -512,
                                "ZRotation": 0,
                                "ModelIndex": 5,
                                "TriggerFlag_StartingLock": 0,
                                "SoundIndex": 0,
                                "ActionResource": {
                                    "Position": 0,
                                    "Axis": 0,
                                    "Duration": 0,
                                    "Magnitude": 0,
                                    "NextObjectOffset": 0,
                                    "PreviousObjectOffset": -1,
                                    "NextObjectIndex": -1,
                                    "Flags": 0
                                }
                            }
                        }
                    },
                    {
                        "Position": 10486,
                        "Index": 14,
                        "XPos": 256,
                        "YPos": 0,
                        "ZPos": 512,
                        "Type": "Model",
                        "Resources": {
                            "ModelResource": {
                                "XRotation": 0,
                                "YRotation": -512,
                                "ZRotation": 0,
                                "ModelIndex": 8,
                                "TriggerFlag_StartingLock": 0,
                                "SoundIndex": 0,
                                "ActionResource": {
                                    "Position": 0,
                                    "Axis": 0,
                                    "Duration": 0,
                                    "Magnitude": 0,
                                    "NextObjectOffset": 0,
                                    "PreviousObjectOffset": -1,
                                    "NextObjectIndex": -1,
                                    "Flags": 0
                                }
                            }
                        }
                    },
                    {
                        "Position": 10438,
                        "Index": 15,
                        "XPos": 640,
                        "YPos": 0,
                        "ZPos": 768,
                        "Type": "Model",
                        "Resources": {
                            "ModelResource": {
                                "XRotation": 0,
                                "YRotation": -512,
                                "ZRotation": 0,
                                "ModelIndex": 2,
                                "TriggerFlag_StartingLock": 0,
                                "SoundIndex": 0,
                                "ActionResource": {
                                    "Position": 0,
                                    "Axis": 0,
                                    "Duration": 0,
                                    "Magnitude": 0,
                                    "NextObjectOffset": 0,
                                    "PreviousObjectOffset": -1,
                                    "NextObjectIndex": -1,
                                    "Flags": 0
                                }
                            }
                        }
                    },
                    {
                        "Position": 10367,
                        "Index": 16,
                        "XPos": 896,
                        "YPos": 0,
                        "ZPos": 768,
                        "Type": "Model",
                        "Resources": {
                            "ModelResource": {
                                "XRotation": 0,
                                "YRotation": -512,
                                "ZRotation": 0,
                                "ModelIndex": 7,
                                "TriggerFlag_StartingLock": 0,
                                "SoundIndex": 0,
                                "ActionResource": {
                                    "Position": 0,
                                    "Axis": 0,
                                    "Duration": 0,
                                    "Magnitude": 0,
                                    "NextObjectOffset": 0,
                                    "PreviousObjectOffset": -1,
                                    "NextObjectIndex": -1,
                                    "Flags": 0
                                }
                            }
                        }
                    }
                ]
            },
            {
                "RdbObjects": [
                    {
                        "Position": 12150,
                        "Index": 0,
                        "XPos": 1376,
                        "YPos": -306,
                        "ZPos": 523,
                        "Type": "Flat",
                        "Resources": {
                            "FlatResource": {
                                "Position": 12175,
                                "TextureArchive": 199,
                                "TextureRecord": 8,
                                "Flags": 0,
                                "Magnitude": 0,
                                "SoundIndex": 0,
                                "FactionOrMobileId": 0,
                                "NextObjectOffset": 0,
                                "Action": 0
                            }
                        }
                    },
                    {
                        "Position": 12008,
                        "Index": 1,
                        "XPos": 1664,
                        "YPos": -292,
                        "ZPos": 912,
                        "Type": "Model",
                        "Resources": {
                            "ModelResource": {
                                "XRotation": 0,
                                "YRotation": -1024,
                                "ZRotation": 0,
                                "ModelIndex": 15,
                                "TriggerFlag_StartingLock": 0,
                                "SoundIndex": 0,
                                "ActionResource": {
                                    "Position": 0,
                                    "Axis": 0,
                                    "Duration": 0,
                                    "Magnitude": 0,
                                    "NextObjectOffset": 0,
                                    "PreviousObjectOffset": -1,
                                    "NextObjectIndex": -1,
                                    "Flags": 0
                                }
                            }
                        }
                    },
                    {
                        "Position": 11924,
                        "Index": 2,
                        "XPos": 1328,
                        "YPos": -288,
                        "ZPos": 584,
                        "Type": "Flat",
                        "Resources": {
                            "FlatResource": {
                                "Position": 11949,
                                "TextureArchive": 199,
                                "TextureRecord": 20,
                                "Flags": 0,
                                "Magnitude": 0,
                                "SoundIndex": 0,
                                "FactionOrMobileId": 0,
                                "NextObjectOffset": -2,
                                "Action": 0
                            }
                        }
                    },
                    {
                        "Position": 11888,
                        "Index": 3,
                        "XPos": 1496,
                        "YPos": -288,
                        "ZPos": 440,
                        "Type": "Flat",
                        "Resources": {
                            "FlatResource": {
                                "Position": 11913,
                                "TextureArchive": 199,
                                "TextureRecord": 20,
                                "Flags": 0,
                                "Magnitude": 0,
                                "SoundIndex": 0,
                                "FactionOrMobileId": 0,
                                "NextObjectOffset": 0,
                                "Action": 0
                            }
                        }
                    },
                    {
                        "Position": 11817,
                        "Index": 4,
                        "XPos": 1408,
                        "YPos": -277,
                        "ZPos": 432,
                        "Type": "Model",
                        "Resources": {
                            "ModelResource": {
                                "XRotation": 0,
                                "YRotation": -1024,
                                "ZRotation": 0,
                                "ModelIndex": 14,
                                "TriggerFlag_StartingLock": 0,
                                "SoundIndex": 0,
                                "ActionResource": {
                                    "Position": 0,
                                    "Axis": 0,
                                    "Duration": 0,
                                    "Magnitude": 0,
                                    "NextObjectOffset": 0,
                                    "PreviousObjectOffset": -1,
                                    "NextObjectIndex": -1,
                                    "Flags": 0
                                }
                            }
                        }
                    },
                    {
                        "Position": 11746,
                        "Index": 5,
                        "XPos": 1358,
                        "YPos": -291,
                        "ZPos": 512,
                        "Type": "Model",
                        "Resources": {
                            "ModelResource": {
                                "XRotation": 0,
                                "YRotation": -512,
                                "ZRotation": 0,
                                "ModelIndex": 13,
                                "TriggerFlag_StartingLock": 0,
                                "SoundIndex": 0,
                                "ActionResource": {
                                    "Position": 0,
                                    "Axis": 0,
                                    "Duration": 0,
                                    "Magnitude": 0,
                                    "NextObjectOffset": 0,
                                    "PreviousObjectOffset": -1,
                                    "NextObjectIndex": -1,
                                    "Flags": 0
                                }
                            }
                        }
                    },
                    {
                        "Position": 11209,
                        "Index": 6,
                        "XPos": 1408,
                        "YPos": -288,
                        "ZPos": 864,
                        "Type": "Flat",
                        "Resources": {
                            "FlatResource": {
                                "Position": 11234,
                                "TextureArchive": 199,
                                "TextureRecord": 15,
                                "Flags": 2,
                                "Magnitude": 0,
                                "SoundIndex": 0,
                                "FactionOrMobileId": 0,
                                "NextObjectOffset": 0,
                                "Action": 0
                            }
                        }
                    },
                    {
                        "Position": 11174,
                        "Index": 7,
                        "XPos": 1408,
                        "YPos": -352,
                        "ZPos": 424,
                        "Type": "Light",
                        "Resources": {
                            "LightResource": {
                                "Unknown1": 20,
                                "Unknown2": 0,
                                "Radius": 40
                            }
                        }
                    },
                    {
                        "Position": 11138,
                        "Index": 8,
                        "XPos": 1408,
                        "YPos": -352,
                        "ZPos": 408,
                        "Type": "Flat",
                        "Resources": {
                            "FlatResource": {
                                "Position": 11163,
                                "TextureArchive": 210,
                                "TextureRecord": 16,
                                "Flags": 0,
                                "Magnitude": 0,
                                "SoundIndex": 0,
                                "FactionOrMobileId": 0,
                                "NextObjectOffset": 0,
                                "Action": 0
                            }
                        }
                    },
                    {
                        "Position": 11067,
                        "Index": 9,
                        "XPos": 1408,
                        "YPos": -352,
                        "ZPos": 896,
                        "Type": "Light",
                        "Resources": {
                            "LightResource": {
                                "Unknown1": 16,
                                "Unknown2": 0,
                                "Radius": 40
                            }
                        }
                    },
                    {
                        "Position": 11031,
                        "Index": 10,
                        "XPos": 1408,
                        "YPos": -360,
                        "ZPos": 896,
                        "Type": "Flat",
                        "Resources": {
                            "FlatResource": {
                                "Position": 11056,
                                "TextureArchive": 210,
                                "TextureRecord": 27,
                                "Flags": 0,
                                "Magnitude": 0,
                                "SoundIndex": 0,
                                "FactionOrMobileId": 0,
                                "NextObjectOffset": 0,
                                "Action": 0
                            }
                        }
                    },
                    {
                        "Position": 10924,
                        "Index": 11,
                        "XPos": 1768,
                        "YPos": -352,
                        "ZPos": 984,
                        "Type": "Flat",
                        "Resources": {
                            "FlatResource": {
                                "Position": 10949,
                                "TextureArchive": 210,
                                "TextureRecord": 16,
                                "Flags": 0,
                                "Magnitude": 0,
                                "SoundIndex": 0,
                                "FactionOrMobileId": 0,
                                "NextObjectOffset": 0,
                                "Action": 0
                            }
                        }
                    },
                    {
                        "Position": 10843,
                        "Index": 12,
                        "XPos": 1440,
                        "YPos": -256,
                        "ZPos": 704,
                        "Type": "Model",
                        "Resources": {
                            "ModelResource": {
                                "XRotation": 0,
                                "YRotation": -1536,
                                "ZRotation": 0,
                                "ModelIndex": 11,
                                "TriggerFlag_StartingLock": 2,
                                "SoundIndex": 70,
                                "ActionResource": {
                                    "Position": 10914,
                                    "Axis": 0,
                                    "Duration": 0,
                                    "Magnitude": 0,
                                    "NextObjectOffset": -2,
                                    "PreviousObjectOffset": -1,
                                    "NextObjectIndex": -1,
                                    "Flags": 18
                                }
                            }
                        }
                    },
                    {
                        "Position": 10772,
                        "Index": 13,
                        "XPos": 1536,
                        "YPos": -256,
                        "ZPos": 1000,
                        "Type": "Model",
                        "Resources": {
                            "ModelResource": {
                                "XRotation": 0,
                                "YRotation": 512,
                                "ZRotation": 0,
                                "ModelIndex": 10,
                                "TriggerFlag_StartingLock": 0,
                                "SoundIndex": 0,
                                "ActionResource": {
                                    "Position": 0,
                                    "Axis": 0,
                                    "Duration": 0,
                                    "Magnitude": 0,
                                    "NextObjectOffset": 0,
                                    "PreviousObjectOffset": -1,
                                    "NextObjectIndex": -1,
                                    "Flags": 0
                                }
                            }
                        }
                    },
                    {
                        "Position": 10557,
                        "Index": 14,
                        "XPos": 1472,
                        "YPos": -256,
                        "ZPos": 576,
                        "Type": "Model",
                        "Resources": {
                            "ModelResource": {
                                "XRotation": 0,
                                "YRotation": 0,
                                "ZRotation": 0,
                                "ModelIndex": 9,
                                "TriggerFlag_StartingLock": 0,
                                "SoundIndex": 0,
                                "ActionResource": {
                                    "Position": 0,
                                    "Axis": 0,
                                    "Duration": 0,
                                    "Magnitude": 0,
                                    "NextObjectOffset": 0,
                                    "PreviousObjectOffset": -1,
                                    "NextObjectIndex": -1,
                                    "Flags": 0
                                }
                            }
                        }
                    },
                    {
                        "Position": 10296,
                        "Index": 15,
                        "XPos": 1408,
                        "YPos": -256,
                        "ZPos": 768,
                        "Type": "Model",
                        "Resources": {
                            "ModelResource": {
                                "XRotation": 0,
                                "YRotation": -1536,
                                "ZRotation": 0,
                                "ModelIndex": 6,
                                "TriggerFlag_StartingLock": 0,
                                "SoundIndex": 0,
                                "ActionResource": {
                                    "Position": 0,
                                    "Axis": 0,
                                    "Duration": 0,
                                    "Magnitude": 0,
                                    "NextObjectOffset": 0,
                                    "PreviousObjectOffset": -1,
                                    "NextObjectIndex": -1,
                                    "Flags": 0
                                }
                            }
                        }
                    }
                ]
            },
            {
                "RdbObjects": null
            },
            {
                "RdbObjects": null
            },
            {
                "RdbObjects": null
            },
            {
                "RdbObjects": [
                    {
                        "Position": 12079,
                        "Index": 0,
                        "XPos": 1736,
                        "YPos": -282,
                        "ZPos": 1024,
                        "Type": "Model",
                        "Resources": {
                            "ModelResource": {
                                "XRotation": 0,
                                "YRotation": -512,
                                "ZRotation": 0,
                                "ModelIndex": 16,
                                "TriggerFlag_StartingLock": 0,
                                "SoundIndex": 0,
                                "ActionResource": {
                                    "Position": 0,
                                    "Axis": 0,
                                    "Duration": 0,
                                    "Magnitude": 0,
                                    "NextObjectOffset": 0,
                                    "PreviousObjectOffset": -1,
                                    "NextObjectIndex": -1,
                                    "Flags": 0
                                }
                            }
                        }
                    },
                    {
                        "Position": 11960,
                        "Index": 1,
                        "XPos": 1664,
                        "YPos": -277,
                        "ZPos": 1112,
                        "Type": "Model",
                        "Resources": {
                            "ModelResource": {
                                "XRotation": 0,
                                "YRotation": 0,
                                "ZRotation": 0,
                                "ModelIndex": 14,
                                "TriggerFlag_StartingLock": 0,
                                "SoundIndex": 0,
                                "ActionResource": {
                                    "Position": 0,
                                    "Axis": 0,
                                    "Duration": 0,
                                    "Magnitude": 0,
                                    "NextObjectOffset": 0,
                                    "PreviousObjectOffset": -1,
                                    "NextObjectIndex": -1,
                                    "Flags": 0
                                }
                            }
                        }
                    },
                    {
                        "Position": 10996,
                        "Index": 2,
                        "XPos": 1752,
                        "YPos": -352,
                        "ZPos": 1024,
                        "Type": "Light",
                        "Resources": {
                            "LightResource": {
                                "Unknown1": 18,
                                "Unknown2": 0,
                                "Radius": 80
                            }
                        }
                    },
                    {
                        "Position": 10960,
                        "Index": 3,
                        "XPos": 1768,
                        "YPos": -352,
                        "ZPos": 1064,
                        "Type": "Flat",
                        "Resources": {
                            "FlatResource": {
                                "Position": 10985,
                                "TextureArchive": 210,
                                "TextureRecord": 16,
                                "Flags": 0,
                                "Magnitude": 0,
                                "SoundIndex": 0,
                                "FactionOrMobileId": 0,
                                "NextObjectOffset": -2,
                                "Action": 0
                            }
                        }
                    },
                    {
                        "Position": 10676,
                        "Index": 4,
                        "XPos": 1432,
                        "YPos": -512,
                        "ZPos": 1664,
                        "Type": "Model",
                        "Resources": {
                            "ModelResource": {
                                "XRotation": 0,
                                "YRotation": -1024,
                                "ZRotation": 0,
                                "ModelIndex": 5,
                                "TriggerFlag_StartingLock": 0,
                                "SoundIndex": 0,
                                "ActionResource": {
                                    "Position": 0,
                                    "Axis": 0,
                                    "Duration": 0,
                                    "Magnitude": 0,
                                    "NextObjectOffset": 0,
                                    "PreviousObjectOffset": -1,
                                    "NextObjectIndex": -1,
                                    "Flags": 0
                                }
                            }
                        }
                    },
                    {
                        "Position": 10628,
                        "Index": 5,
                        "XPos": 1600,
                        "YPos": -256,
                        "ZPos": 1088,
                        "Type": "Model",
                        "Resources": {
                            "ModelResource": {
                                "XRotation": 0,
                                "YRotation": 512,
                                "ZRotation": 0,
                                "ModelIndex": 9,
                                "TriggerFlag_StartingLock": 0,
                                "SoundIndex": 0,
                                "ActionResource": {
                                    "Position": 0,
                                    "Axis": 0,
                                    "Duration": 0,
                                    "Magnitude": 0,
                                    "NextObjectOffset": 0,
                                    "PreviousObjectOffset": -1,
                                    "NextObjectIndex": -1,
                                    "Flags": 0
                                }
                            }
                        }
                    },
                    {
                        "Position": 10154,
                        "Index": 6,
                        "XPos": 1408,
                        "YPos": -256,
                        "ZPos": 1024,
                        "Type": "Model",
                        "Resources": {
                            "ModelResource": {
                                "XRotation": 0,
                                "YRotation": 0,
                                "ZRotation": 0,
                                "ModelIndex": 4,
                                "TriggerFlag_StartingLock": 0,
                                "SoundIndex": 0,
                                "ActionResource": {
                                    "Position": 0,
                                    "Axis": 0,
                                    "Duration": 0,
                                    "Magnitude": 0,
                                    "NextObjectOffset": 0,
                                    "PreviousObjectOffset": -1,
                                    "NextObjectIndex": -1,
                                    "Flags": 0
                                }
                            }
                        }
                    },
                    {
                        "Position": 10083,
                        "Index": 7,
                        "XPos": 1408,
                        "YPos": -384,
                        "ZPos": 1280,
                        "Type": "Model",
                        "Resources": {
                            "ModelResource": {
                                "XRotation": 0,
                                "YRotation": 0,
                                "ZRotation": 0,
                                "ModelIndex": 3,
                                "TriggerFlag_StartingLock": 0,
                                "SoundIndex": 0,
                                "ActionResource": {
                                    "Position": 0,
                                    "Axis": 0,
                                    "Duration": 0,
                                    "Magnitude": 0,
                                    "NextObjectOffset": 0,
                                    "PreviousObjectOffset": -1,
                                    "NextObjectIndex": -1,
                                    "Flags": 0
                                }
                            }
                        }
                    },
                    {
                        "Position": 10035,
                        "Index": 8,
                        "XPos": 1408,
                        "YPos": -512,
                        "ZPos": 1536,
                        "Type": "Model",
                        "Resources": {
                            "ModelResource": {
                                "XRotation": 0,
                                "YRotation": -1024,
                                "ZRotation": 0,
                                "ModelIndex": 2,
                                "TriggerFlag_StartingLock": 0,
                                "SoundIndex": 0,
                                "ActionResource": {
                                    "Position": 0,
                                    "Axis": 0,
                                    "Duration": 0,
                                    "Magnitude": 0,
                                    "NextObjectOffset": 0,
                                    "PreviousObjectOffset": -1,
                                    "NextObjectIndex": -1,
                                    "Flags": 0
                                }
                            }
                        }
                    },
                    {
                        "Position": 9999,
                        "Index": 9,
                        "XPos": 1408,
                        "YPos": -544,
                        "ZPos": 2016,
                        "Type": "Flat",
                        "Resources": {
                            "FlatResource": {
                                "Position": 10024,
                                "TextureArchive": 199,
                                "TextureRecord": 10,
                                "Flags": 0,
                                "Magnitude": 0,
                                "SoundIndex": 0,
                                "FactionOrMobileId": 0,
                                "NextObjectOffset": 0,
                                "Action": 0
                            }
                        }
                    },
                    {
                        "Position": 9929,
                        "Index": 10,
                        "XPos": 1408,
                        "YPos": -576,
                        "ZPos": 1728,
                        "Type": "Light",
                        "Resources": {
                            "LightResource": {
                                "Unknown1": 28,
                                "Unknown2": 0,
                                "Radius": 60
                            }
                        }
                    },
                    {
                        "Position": 9893,
                        "Index": 11,
                        "XPos": 1451,
                        "YPos": -561,
                        "ZPos": 1708,
                        "Type": "Flat",
                        "Resources": {
                            "FlatResource": {
                                "Position": 9918,
                                "TextureArchive": 210,
                                "TextureRecord": 6,
                                "Flags": 0,
                                "Magnitude": 0,
                                "SoundIndex": 0,
                                "FactionOrMobileId": 0,
                                "NextObjectOffset": -2,
                                "Action": 0
                            }
                        }
                    },
                    {
                        "Position": 9857,
                        "Index": 12,
                        "XPos": 1365,
                        "YPos": -560,
                        "ZPos": 1706,
                        "Type": "Flat",
                        "Resources": {
                            "FlatResource": {
                                "Position": 9882,
                                "TextureArchive": 210,
                                "TextureRecord": 6,
                                "Flags": 0,
                                "Magnitude": 0,
                                "SoundIndex": 0,
                                "FactionOrMobileId": 0,
                                "NextObjectOffset": 0,
                                "Action": 0
                            }
                        }
                    },
                    {
                        "Position": 9809,
                        "Index": 13,
                        "XPos": 1408,
                        "YPos": -576,
                        "ZPos": 1856,
                        "Type": "Model",
                        "Resources": {
                            "ModelResource": {
                                "XRotation": 0,
                                "YRotation": 0,
                                "ZRotation": 0,
                                "ModelIndex": 1,
                                "TriggerFlag_StartingLock": 0,
                                "SoundIndex": 0,
                                "ActionResource": {
                                    "Position": 0,
                                    "Axis": 0,
                                    "Duration": 0,
                                    "Magnitude": 0,
                                    "NextObjectOffset": 0,
                                    "PreviousObjectOffset": -1,
                                    "NextObjectIndex": -1,
                                    "Flags": 0
                                }
                            }
                        }
                    }
                ]
            },
            {
                "RdbObjects": null
            },
            {
                "RdbObjects": null
            },
            {
                "RdbObjects": null
            },
            {
                "RdbObjects": null
            },
            {
                "RdbObjects": null
            },
            {
                "RdbObjects": null
            },
            {
                "RdbObjects": null
            },
            {
                "RdbObjects": null
            },
            {
                "RdbObjects": null
            },
            {
                "RdbObjects": null
            }
        ]
    },
    "RdiBlock": {
        "Data": null
    }
}