{
    "Position": 28506054,
    "Index": 1049,
    "Name": "M0000003.RDB",
    "Type": "Rdb",
    "RmbBlock": {
        "FldHeader": {
            "NumBlockDataRecords": 0,
            "NumMisc3dObjectRecords": 0,
            "NumMiscFlatObjectRecords": 0,
            "BlockPositions": null,
            "BuildingDataList": null,
            "BlockDataSizes": null,
            "GroundData": {

            },
            "AutoMapData": null,
            "Name": null,
            "OtherNames": null
        },
        "SubRecords": null,
        "Misc3dObjectRecords": null,
        "MiscFlatObjectRecords": null
    },
    "RdbBlock": {
        "ModelReferenceList": [
            {
                "ModelId": "55002",
                "ModelIdNum": 55002,
                "Description": "DOR"
            },
            {
                "ModelId": "58051",
                "ModelIdNum": 58051,
                "Description": "CRP"
            },
            {
                "ModelId": "63007",
                "ModelIdNum": 63007,
                "Description": "C29"
            },
            {
                "ModelId": "63026",
                "ModelIdNum": 63026,
                "Description": "C0D"
            },
            {
                "ModelId": "63033",
                "ModelIdNum": 63033,
                "Description": "C0I"
            },
            {
                "ModelId": "63000",
                "ModelIdNum": 63000,
                "Description": "C00"
            },
            {
                "ModelId": "63052",
                "ModelIdNum": 63052,
                "Description": "C0X"
            },
            {
                "ModelId": "72010",
                "ModelIdNum": 72010,
                "Description": "R41"
            },
            {
                "ModelId": "63005",
                "ModelIdNum": 63005,
                "Description": "C29"
            },
            {
                "ModelId": "41315",
                "ModelIdNum": 41315,
                "Description": "XXX"
            },
            {
                "ModelId": "41317",
                "ModelIdNum": 41317,
                "Description": "XXX"
            },
            {
                "ModelId": "41319",
                "ModelIdNum": 41319,
                "Description": "XXX"
            },
            {
                "ModelId": "09003",
                "ModelIdNum": 9003,
                "Description": "DOR"
            },
            {
                "ModelId": "55003",
                "ModelIdNum": 55003,
                "Description": "DOR"
            }
        ],
        "ObjectRootList": [
            {
                "RdbObjects": [
                    {
                        "Position": 11498,
                        "Index": 0,
                        "XPos": 896,
                        "YPos": -416,
                        "ZPos": 512,
                        "Type": "Flat",
                        "Resources": {
                            "FlatResource": {
                                "Position": 11523,
                                "TextureArchive": 199,
                                "TextureRecord": 15,
                                "Flags": 2,
                                "Magnitude": 0,
                                "SoundIndex": 3,
                                "FactionOrMobileId": 768,
                                "NextObjectOffset": 0,
                                "Action": 0
                            }
                        }
                    },
                    {
                        "Position": 10688,
                        "Index": 1,
                        "XPos": 896,
                        "YPos": -429,
                        "ZPos": 176,
                        "Type": "Flat",
                        "Resources": {
                            "FlatResource": {
                                "Position": 10713,
                                "TextureArchive": 210,
                                "TextureRecord": 20,
                                "Flags": 0,
                                "Magnitude": 0,
                                "SoundIndex": 0,
                                "FactionOrMobileId": 0,
                                "NextObjectOffset": 0,
                                "Action": 0
                            }
                        }
                    },
                    {
                        "Position": 10653,
                        "Index": 2,
                        "XPos": 896,
                        "YPos": -448,
                        "ZPos": 192,
                        "Type": "Light",
                        "Resources": {
                            "LightResource": {
                                "Unknown1": 25,
                                "Unknown2": 0,
                                "Radius": 50
                            }
                        }
                    },
                    {
                        "Position": 10534,
                        "Index": 3,
                        "XPos": 960,
                        "YPos": -384,
                        "ZPos": 320,
                        "Type": "Model",
                        "Resources": {
                            "ModelResource": {
                                "XRotation": 0,
                                "YRotation": 0,
                                "ZRotation": 0,
                                "ModelIndex": 8,
                                "TriggerFlag_StartingLock": 0,
                                "SoundIndex": 0,
                                "ActionResource": {
                                    "Position": 0,
                                    "Axis": 0,
                                    "Duration": 0,
                                    "Magnitude": 0,
                                    "NextObjectOffset": 0,
                                    "PreviousObjectOffset": -1,
                                    "NextObjectIndex": -1,
                                    "Flags": 0
                                }
                            }
                        }
                    },
                    {
                        "Position": 10486,
                        "Index": 4,
                        "XPos": 960,
                        "YPos": -384,
                        "ZPos": 576,
                        "Type": "Model",
                        "Resources": {
                            "ModelResource": {
                                "XRotation": 0,
                                "YRotation": 0,
                                "ZRotation": 0,
                                "ModelIndex": 5,
                                "TriggerFlag_StartingLock": 0,
                                "SoundIndex": 0,
                                "ActionResource": {
                                    "Position": 0,
                                    "Axis": 0,
                                    "Duration": 0,
                                    "Magnitude": 0,
                                    "NextObjectOffset": 0,
                                    "PreviousObjectOffset": -1,
                                    "NextObjectIndex": -1,
                                    "Flags": 0
                                }
                            }
                        }
                    },
                    {
                        "Position": 10438,
                        "Index": 5,
                        "XPos": 960,
                        "YPos": -384,
                        "ZPos": 832,
                        "Type": "Model",
                        "Resources": {
                            "ModelResource": {
                                "XRotation": 0,
                                "YRotation": 0,
                                "ZRotation": 0,
                                "ModelIndex": 5,
                                "TriggerFlag_StartingLock": 0,
                                "SoundIndex": 0,
                                "ActionResource": {
                                    "Position": 0,
                                    "Axis": 0,
                                    "Duration": 0,
                                    "Magnitude": 0,
                                    "NextObjectOffset": 0,
                                    "PreviousObjectOffset": -1,
                                    "NextObjectIndex": -1,
                                    "Flags": 0
                                }
                            }
                        }
                    }
                ]
            },
            {
                "RdbObjects": [
                    {
                        "Position": 11976,
                        "Index": 0,
                        "XPos": 1300,
                        "YPos": -419,
                        "ZPos": 473,
                        "Type": "Flat",
                        "Resources": {
                            "FlatResource": {
                                "Position": 12001,
                                "TextureArchive": 199,
                                "TextureRecord": 8,
                                "Flags": 0,
                                "Magnitude": 0,
                                "SoundIndex": 0,
                                "FactionOrMobileId": 0,
                                "NextObjectOffset": 0,
                                "Action": 0
                            }
                        }
                    },
                    {
                        "Position": 11928,
                        "Index": 1,
                        "XPos": 1024,
                        "YPos": -384,
                        "ZPos": 232,
                        "Type": "Model",
                        "Resources": {
                            "ModelResource": {
                                "XRotation": 0,
                                "YRotation": 512,
                                "ZRotation": 0,
                                "ModelIndex": 13,
                                "TriggerFlag_StartingLock": 0,
                                "SoundIndex": 0,
                                "ActionResource": {
                                    "Position": 0,
                                    "Axis": 0,
                                    "Duration": 0,
                                    "Magnitude": 0,
                                    "NextObjectOffset": 0,
                                    "PreviousObjectOffset": -1,
                                    "NextObjectIndex": -1,
                                    "Flags": 0
                                }
                            }
                        }
                    },
                    {
                        "Position": 11606,
                        "Index": 2,
                        "XPos": 1440,
                        "YPos": -416,
                        "ZPos": 544,
                        "Type": "Flat",
                        "Resources": {
                            "FlatResource": {
                                "Position": 11631,
                                "TextureArchive": 199,
                                "TextureRecord": 20,
                                "Flags": 0,
                                "Magnitude": 0,
                                "SoundIndex": 0,
                                "FactionOrMobileId": 0,
                                "NextObjectOffset": 0,
                                "Action": 0
                            }
                        }
                    },
                    {
                        "Position": 11570,
                        "Index": 3,
                        "XPos": 1488,
                        "YPos": -416,
                        "ZPos": 384,
                        "Type": "Flat",
                        "Resources": {
                            "FlatResource": {
                                "Position": 11595,
                                "TextureArchive": 199,
                                "TextureRecord": 19,
                                "Flags": 0,
                                "Magnitude": 0,
                                "SoundIndex": 0,
                                "FactionOrMobileId": 0,
                                "NextObjectOffset": -2,
                                "Action": 0
                            }
                        }
                    },
                    {
                        "Position": 11534,
                        "Index": 4,
                        "XPos": 1488,
                        "YPos": -416,
                        "ZPos": 192,
                        "Type": "Flat",
                        "Resources": {
                            "FlatResource": {
                                "Position": 11559,
                                "TextureArchive": 199,
                                "TextureRecord": 19,
                                "Flags": 0,
                                "Magnitude": 0,
                                "SoundIndex": 0,
                                "FactionOrMobileId": 0,
                                "NextObjectOffset": 0,
                                "Action": 0
                            }
                        }
                    },
                    {
                        "Position": 11355,
                        "Index": 5,
                        "XPos": 1296,
                        "YPos": -448,
                        "ZPos": 384,
                        "Type": "Light",
                        "Resources": {
                            "LightResource": {
                                "Unknown1": 25,
                                "Unknown2": 0,
                                "Radius": 55
                            }
                        }
                    },
                    {
                        "Position": 11319,
                        "Index": 6,
                        "XPos": 1184,
                        "YPos": -434,
                        "ZPos": 416,
                        "Type": "Flat",
                        "Resources": {
                            "FlatResource": {
                                "Position": 11344,
                                "TextureArchive": 210,
                                "TextureRecord": 6,
                                "Flags": 0,
                                "Magnitude": 0,
                                "SoundIndex": 0,
                                "FactionOrMobileId": 0,
                                "NextObjectOffset": -2,
                                "Action": 0
                            }
                        }
                    },
                    {
                        "Position": 11283,
                        "Index": 7,
                        "XPos": 1184,
                        "YPos": -435,
                        "ZPos": 336,
                        "Type": "Flat",
                        "Resources": {
                            "FlatResource": {
                                "Position": 11308,
                                "TextureArchive": 210,
                                "TextureRecord": 6,
                                "Flags": 0,
                                "Magnitude": 0,
                                "SoundIndex": 0,
                                "FactionOrMobileId": 0,
                                "NextObjectOffset": 0,
                                "Action": 0
                            }
                        }
                    },
                    {
                        "Position": 11247,
                        "Index": 8,
                        "XPos": 1408,
                        "YPos": -434,
                        "ZPos": 416,
                        "Type": "Flat",
                        "Resources": {
                            "FlatResource": {
                                "Position": 11272,
                                "TextureArchive": 210,
                                "TextureRecord": 6,
                                "Flags": 0,
                                "Magnitude": 0,
                                "SoundIndex": 0,
                                "FactionOrMobileId": 0,
                                "NextObjectOffset": -2,
                                "Action": 0
                            }
                        }
                    },
                    {
                        "Position": 11211,
                        "Index": 9,
                        "XPos": 1408,
                        "YPos": -434,
                        "ZPos": 336,
                        "Type": "Flat",
                        "Resources": {
                            "FlatResource": {
                                "Position": 11236,
                                "TextureArchive": 210,
                                "TextureRecord": 6,
                                "Flags": 0,
                                "Magnitude": 0,
                                "SoundIndex": 0,
                                "FactionOrMobileId": 0,
                                "NextObjectOffset": 0,
                                "Action": 0
                            }
                        }
                    },
                    {
                        "Position": 11140,
                        "Index": 10,
                        "XPos": 1296,
                        "YPos": -404,
                        "ZPos": 379,
                        "Type": "Model",
                        "Resources": {
                            "ModelResource": {
                                "XRotation": 0,
                                "YRotation": 1536,
                                "ZRotation": 0,
                                "ModelIndex": 11,
                                "TriggerFlag_StartingLock": 0,
                                "SoundIndex": 0,
                                "ActionResource": {
                                    "Position": 0,
                                    "Axis": 0,
                                    "Duration": 0,
                                    "Magnitude": 0,
                                    "NextObjectOffset": 0,
                                    "PreviousObjectOffset": -1,
                                    "NextObjectIndex": -1,
                                    "Flags": 0
                                }
                            }
                        }
                    },
                    {
                        "Position": 11092,
                        "Index": 11,
                        "XPos": 1312,
                        "YPos": -394,
                        "ZPos": 464,
                        "Type": "Model",
                        "Resources": {
                            "ModelResource": {
                                "XRotation": 0,
                                "YRotation": -512,
                                "ZRotation": 0,
                                "ModelIndex": 10,
                                "TriggerFlag_StartingLock": 0,
                                "SoundIndex": 0,
                                "ActionResource": {
                                    "Position": 0,
                                    "Axis": 0,
                                    "Duration": 0,
                                    "Magnitude": 0,
                                    "NextObjectOffset": 0,
                                    "PreviousObjectOffset": -1,
                                    "NextObjectIndex": -1,
                                    "Flags": 0
                                }
                            }
                        }
                    },
                    {
                        "Position": 11021,
                        "Index": 12,
                        "XPos": 1312,
                        "YPos": -394,
                        "ZPos": 288,
                        "Type": "Model",
                        "Resources": {
                            "ModelResource": {
                                "XRotation": 0,
                                "YRotation": -512,
                                "ZRotation": 0,
                                "ModelIndex": 10,
                                "TriggerFlag_StartingLock": 0,
                                "SoundIndex": 0,
                                "ActionResource": {
                                    "Position": 0,
                                    "Axis": 0,
                                    "Duration": 0,
                                    "Magnitude": 0,
                                    "NextObjectOffset": 0,
                                    "PreviousObjectOffset": -1,
                                    "NextObjectIndex": -1,
                                    "Flags": 0
                                }
                            }
                        }
                    },
                    {
                        "Position": 10605,
                        "Index": 13,
                        "XPos": 1280,
                        "YPos": -384,
                        "ZPos": 384,
                        "Type": "Model",
                        "Resources": {
                            "ModelResource": {
                                "XRotation": 0,
                                "YRotation": 512,
                                "ZRotation": 0,
                                "ModelIndex": 7,
                                "TriggerFlag_StartingLock": 0,
                                "SoundIndex": 0,
                                "ActionResource": {
                                    "Position": 0,
                                    "Axis": 0,
                                    "Duration": 0,
                                    "Magnitude": 0,
                                    "NextObjectOffset": 0,
                                    "PreviousObjectOffset": -1,
                                    "NextObjectIndex": -1,
                                    "Flags": 0
                                }
                            }
                        }
                    },
                    {
                        "Position": 10225,
                        "Index": 14,
                        "XPos": 1216,
                        "YPos": -384,
                        "ZPos": 960,
                        "Type": "Model",
                        "Resources": {
                            "ModelResource": {
                                "XRotation": 0,
                                "YRotation": -512,
                                "ZRotation": 0,
                                "ModelIndex": 5,
                                "TriggerFlag_StartingLock": 0,
                                "SoundIndex": 0,
                                "ActionResource": {
                                    "Position": 0,
                                    "Axis": 0,
                                    "Duration": 0,
                                    "Magnitude": 0,
                                    "NextObjectOffset": 0,
                                    "PreviousObjectOffset": -1,
                                    "NextObjectIndex": -1,
                                    "Flags": 0
                                }
                            }
                        }
                    }
                ]
            },
            {
                "RdbObjects": null
            },
            {
                "RdbObjects": null
            },
            {
                "RdbObjects": [
                    {
                        "Position": 11880,
                        "Index": 0,
                        "XPos": 872,
                        "YPos": -384,
                        "ZPos": 1160,
                        "Type": "Model",
                        "Resources": {
                            "ModelResource": {
                                "XRotation": 0,
                                "YRotation": 0,
                                "ZRotation": 0,
                                "ModelIndex": 13,
                                "TriggerFlag_StartingLock": 0,
                                "SoundIndex": 0,
                                "ActionResource": {
                                    "Position": 0,
                                    "Axis": 0,
                                    "Duration": 0,
                                    "Magnitude": 0,
                                    "NextObjectOffset": 0,
                                    "PreviousObjectOffset": -1,
                                    "NextObjectIndex": -1,
                                    "Flags": 0
                                }
                            }
                        }
                    },
                    {
                        "Position": 11462,
                        "Index": 1,
                        "XPos": 880,
                        "YPos": -416,
                        "ZPos": 1520,
                        "Type": "Flat",
                        "Resources": {
                            "FlatResource": {
                                "Position": 11487,
                                "TextureArchive": 199,
                                "TextureRecord": 15,
                                "Flags": 1,
                                "Magnitude": 0,
                                "SoundIndex": 3,
                                "FactionOrMobileId": 768,
                                "NextObjectOffset": -2,
                                "Action": 0
                            }
                        }
                    },
                    {
                        "Position": 11426,
                        "Index": 2,
                        "XPos": 688,
                        "YPos": -416,
                        "ZPos": 1264,
                        "Type": "Flat",
                        "Resources": {
                            "FlatResource": {
                                "Position": 11451,
                                "TextureArchive": 199,
                                "TextureRecord": 15,
                                "Flags": 1,
                                "Magnitude": 0,
                                "SoundIndex": 3,
                                "FactionOrMobileId": 768,
                                "NextObjectOffset": 0,
                                "Action": 0
                            }
                        }
                    },
                    {
                        "Position": 11390,
                        "Index": 3,
                        "XPos": 944,
                        "YPos": -416,
                        "ZPos": 1248,
                        "Type": "Flat",
                        "Resources": {
                            "FlatResource": {
                                "Position": 11415,
                                "TextureArchive": 199,
                                "TextureRecord": 20,
                                "Flags": 0,
                                "Magnitude": 0,
                                "SoundIndex": 0,
                                "FactionOrMobileId": 0,
                                "NextObjectOffset": 0,
                                "Action": 0
                            }
                        }
                    },
                    {
                        "Position": 10985,
                        "Index": 4,
                        "XPos": 768,
                        "YPos": -491,
                        "ZPos": 1408,
                        "Type": "Flat",
                        "Resources": {
                            "FlatResource": {
                                "Position": 11010,
                                "TextureArchive": 210,
                                "TextureRecord": 27,
                                "Flags": 0,
                                "Magnitude": 0,
                                "SoundIndex": 0,
                                "FactionOrMobileId": 0,
                                "NextObjectOffset": 0,
                                "Action": 0
                            }
                        }
                    },
                    {
                        "Position": 10914,
                        "Index": 5,
                        "XPos": 768,
                        "YPos": -480,
                        "ZPos": 1408,
                        "Type": "Light",
                        "Resources": {
                            "LightResource": {
                                "Unknown1": 30,
                                "Unknown2": 0,
                                "Radius": 40
                            }
                        }
                    },
                    {
                        "Position": 10866,
                        "Index": 6,
                        "XPos": 716,
                        "YPos": -395,
                        "ZPos": 1376,
                        "Type": "Model",
                        "Resources": {
                            "ModelResource": {
                                "XRotation": 0,
                                "YRotation": -1024,
                                "ZRotation": 0,
                                "ModelIndex": 9,
                                "TriggerFlag_StartingLock": 0,
                                "SoundIndex": 0,
                                "ActionResource": {
                                    "Position": 0,
                                    "Axis": 0,
                                    "Duration": 0,
                                    "Magnitude": 0,
                                    "NextObjectOffset": 0,
                                    "PreviousObjectOffset": -1,
                                    "NextObjectIndex": -1,
                                    "Flags": 0
                                }
                            }
                        }
                    },
                    {
                        "Position": 10795,
                        "Index": 7,
                        "XPos": 840,
                        "YPos": -395,
                        "ZPos": 1376,
                        "Type": "Model",
                        "Resources": {
                            "ModelResource": {
                                "XRotation": 0,
                                "YRotation": -1024,
                                "ZRotation": 0,
                                "ModelIndex": 9,
                                "TriggerFlag_StartingLock": 0,
                                "SoundIndex": 0,
                                "ActionResource": {
                                    "Position": 0,
                                    "Axis": 0,
                                    "Duration": 0,
                                    "Magnitude": 0,
                                    "NextObjectOffset": 0,
                                    "PreviousObjectOffset": -1,
                                    "NextObjectIndex": -1,
                                    "Flags": 0
                                }
                            }
                        }
                    },
                    {
                        "Position": 10367,
                        "Index": 8,
                        "XPos": 768,
                        "YPos": -384,
                        "ZPos": 1408,
                        "Type": "Model",
                        "Resources": {
                            "ModelResource": {
                                "XRotation": 0,
                                "YRotation": 1024,
                                "ZRotation": 0,
                                "ModelIndex": 7,
                                "TriggerFlag_StartingLock": 0,
                                "SoundIndex": 0,
                                "ActionResource": {
                                    "Position": 0,
                                    "Axis": 0,
                                    "Duration": 0,
                                    "Magnitude": 0,
                                    "NextObjectOffset": 0,
                                    "PreviousObjectOffset": -1,
                                    "NextObjectIndex": -1,
                                    "Flags": 0
                                }
                            }
                        }
                    },
                    {
                        "Position": 10296,
                        "Index": 9,
                        "XPos": 896,
                        "YPos": -384,
                        "ZPos": 1024,
                        "Type": "Model",
                        "Resources": {
                            "ModelResource": {
                                "XRotation": 0,
                                "YRotation": -1536,
                                "ZRotation": 0,
                                "ModelIndex": 6,
                                "TriggerFlag_StartingLock": 0,
                                "SoundIndex": 0,
                                "ActionResource": {
                                    "Position": 0,
                                    "Axis": 0,
                                    "Duration": 0,
                                    "Magnitude": 0,
                                    "NextObjectOffset": 0,
                                    "PreviousObjectOffset": -1,
                                    "NextObjectIndex": -1,
                                    "Flags": 0
                                }
                            }
                        }
                    }
                ]
            },
            {
                "RdbObjects": [
                    {
                        "Position": 11832,
                        "Index": 0,
                        "XPos": 1384,
                        "YPos": -512,
                        "ZPos": 1672,
                        "Type": "Model",
                        "Resources": {
                            "ModelResource": {
                                "XRotation": 0,
                                "YRotation": 0,
                                "ZRotation": 0,
                                "ModelIndex": 0,
                                "TriggerFlag_StartingLock": 0,
                                "SoundIndex": 0,
                                "ActionResource": {
                                    "Position": 0,
                                    "Axis": 0,
                                    "Duration": 0,
                                    "Magnitude": 0,
                                    "NextObjectOffset": 0,
                                    "PreviousObjectOffset": -1,
                                    "NextObjectIndex": -1,
                                    "Flags": 0
                                }
                            }
                        }
                    },
                    {
                        "Position": 10759,
                        "Index": 1,
                        "XPos": 1440,
                        "YPos": -428,
                        "ZPos": 1024,
                        "Type": "Flat",
                        "Resources": {
                            "FlatResource": {
                                "Position": 10784,
                                "TextureArchive": 210,
                                "TextureRecord": 20,
                                "Flags": 0,
                                "Magnitude": 0,
                                "SoundIndex": 0,
                                "FactionOrMobileId": 0,
                                "NextObjectOffset": 0,
                                "Action": 0
                            }
                        }
                    },
                    {
                        "Position": 10724,
                        "Index": 2,
                        "XPos": 1456,
                        "YPos": -448,
                        "ZPos": 1024,
                        "Type": "Light",
                        "Resources": {
                            "LightResource": {
                                "Unknown1": 16,
                                "Unknown2": 0,
                                "Radius": 60
                            }
                        }
                    },
                    {
                        "Position": 10154,
                        "Index": 3,
                        "XPos": 1472,
                        "YPos": -384,
                        "ZPos": 1088,
                        "Type": "Model",
                        "Resources": {
                            "ModelResource": {
                                "XRotation": 0,
                                "YRotation": 0,
                                "ZRotation": 0,
                                "ModelIndex": 4,
                                "TriggerFlag_StartingLock": 0,
                                "SoundIndex": 0,
                                "ActionResource": {
                                    "Position": 0,
                                    "Axis": 0,
                                    "Duration": 0,
                                    "Magnitude": 0,
                                    "NextObjectOffset": 0,
                                    "PreviousObjectOffset": -1,
                                    "NextObjectIndex": -1,
                                    "Flags": 0
                                }
                            }
                        }
                    },
                    {
                        "Position": 10083,
                        "Index": 4,
                        "XPos": 1344,
                        "YPos": -384,
                        "ZPos": 1216,
                        "Type": "Model",
                        "Resources": {
                            "ModelResource": {
                                "XRotation": 0,
                                "YRotation": -1024,
                                "ZRotation": 0,
                                "ModelIndex": 3,
                                "TriggerFlag_StartingLock": 0,
                                "SoundIndex": 0,
                                "ActionResource": {
                                    "Position": 0,
                                    "Axis": 0,
                                    "Duration": 0,
                                    "Magnitude": 0,
                                    "NextObjectOffset": 0,
                                    "PreviousObjectOffset": -1,
                                    "NextObjectIndex": -1,
                                    "Flags": 0
                                }
                            }
                        }
                    },
                    {
                        "Position": 10035,
                        "Index": 5,
                        "XPos": 1344,
                        "YPos": -512,
                        "ZPos": 1472,
                        "Type": "Model",
                        "Resources": {
                            "ModelResource": {
                                "XRotation": 0,
                                "YRotation": -1024,
                                "ZRotation": 0,
                                "ModelIndex": 2,
                                "TriggerFlag_StartingLock": 0,
                                "SoundIndex": 0,
                                "ActionResource": {
                                    "Position": 0,
                                    "Axis": 0,
                                    "Duration": 0,
                                    "Magnitude": 0,
                                    "NextObjectOffset": 0,
                                    "PreviousObjectOffset": -1,
                                    "NextObjectIndex": -1,
                                    "Flags": 0
                                }
                            }
                        }
                    },
                    {
                        "Position": 9999,
                        "Index": 6,
                        "XPos": 1408,
                        "YPos": -544,
                        "ZPos": 2016,
                        "Type": "Flat",
                        "Resources": {
                            "FlatResource": {
                                "Position": 10024,
                                "TextureArchive": 199,
                                "TextureRecord": 10,
                                "Flags": 0,
                                "Magnitude": 0,
                                "SoundIndex": 0,
                                "FactionOrMobileId": 0,
                                "NextObjectOffset": 0,
                                "Action": 0
                            }
                        }
                    },
                    {
                        "Position": 9929,
                        "Index": 7,
                        "XPos": 1408,
                        "YPos": -576,
                        "ZPos": 1728,
                        "Type": "Light",
                        "Resources": {
                            "LightResource": {
                                "Unknown1": 28,
                                "Unknown2": 0,
                                "Radius": 60
                            }
                        }
                    },
                    {
                        "Position": 9893,
                        "Index": 8,
                        "XPos": 1451,
                        "YPos": -561,
                        "ZPos": 1708,
                        "Type": "Flat",
                        "Resources": {
                            "FlatResource": {
                                "Position": 9918,
                                "TextureArchive": 210,
                                "TextureRecord": 6,
                                "Flags": 0,
                                "Magnitude": 0,
                                "SoundIndex": 0,
                                "FactionOrMobileId": 0,
                                "NextObjectOffset": -2,
                                "Action": 0
                            }
                        }
                    },
                    {
                        "Position": 9857,
                        "Index": 9,
                        "XPos": 1365,
                        "YPos": -560,
                        "ZPos": 1706,
                        "Type": "Flat",
                        "Resources": {
                            "FlatResource": {
                                "Position": 9882,
                                "TextureArchive": 210,
                                "TextureRecord": 6,
                                "Flags": 0,
                                "Magnitude": 0,
                                "SoundIndex": 0,
                                "FactionOrMobileId": 0,
                                "NextObjectOffset": 0,
                                "Action": 0
                            }
                        }
                    },
                    {
                        "Position": 9809,
                        "Index": 10,
                        "XPos": 1408,
                        "YPos": -576,
                        "ZPos": 1856,
                        "Type": "Model",
                        "Resources": {
                            "ModelResource": {
                                "XRotation": 0,
                                "YRotation": 0,
                                "ZRotation": 0,
                                "ModelIndex": 1,
                                "TriggerFlag_StartingLock": 0,
                                "SoundIndex": 0,
                                "ActionResource": {
                                    "Position": 0,
                                    "Axis": 0,
                                    "Duration": 0,
                                    "Magnitude": 0,
                                    "NextObjectOffset": 0,
                                    "PreviousObjectOffset": -1,
                                    "NextObjectIndex": -1,
                                    "Flags": 0
                                }
                            }
                        }
                    }
                ]
            },
            {
                "RdbObjects": null
            },
            {
                "RdbObjects": null
            },
            {
                "RdbObjects": null
            },
            {
                "RdbObjects": null
            },
            {
                "RdbObjects": null
            },
            {
                "RdbObjects": null
            },
            {
                "RdbObjects": null
            },
            {
                "RdbObjects": null
            },
            {
                "RdbObjects": null
            },
            {
                "RdbObjects": null
            }
        ]
    },
    "RdiBlock": {
        "Data": null
    }
}