{
    "Position": 28556166,
    "Index": 1053,
    "Name": "M0000007.RDB",
    "Type": "Rdb",
    "RmbBlock": {
        "FldHeader": {
            "NumBlockDataRecords": 0,
            "NumMisc3dObjectRecords": 0,
            "NumMiscFlatObjectRecords": 0,
            "BlockPositions": null,
            "BuildingDataList": null,
            "BlockDataSizes": null,
            "GroundData": {

            },
            "AutoMapData": null,
            "Name": null,
            "OtherNames": null
        },
        "SubRecords": null,
        "Misc3dObjectRecords": null,
        "MiscFlatObjectRecords": null
    },
    "RdbBlock": {
        "ModelReferenceList": [
            {
                "ModelId": "55004",
                "ModelIdNum": 55004,
                "Description": "DOR"
            },
            {
                "ModelId": "58051",
                "ModelIdNum": 58051,
                "Description": "CRP"
            },
            {
                "ModelId": "63007",
                "ModelIdNum": 63007,
                "Description": "C29"
            },
            {
                "ModelId": "63033",
                "ModelIdNum": 63033,
                "Description": "C0I"
            },
            {
                "ModelId": "63026",
                "ModelIdNum": 63026,
                "Description": "C0D"
            },
            {
                "ModelId": "64300",
                "ModelIdNum": 64300,
                "Description": "R01"
            },
            {
                "ModelId": "41315",
                "ModelIdNum": 41315,
                "Description": "XXX"
            },
            {
                "ModelId": "09004",
                "ModelIdNum": 9004,
                "Description": "DOR"
            }
        ],
        "ObjectRootList": [
            {
                "RdbObjects": [
                    {
                        "Position": 10844,
                        "Index": 0,
                        "XPos": 872,
                        "YPos": -384,
                        "ZPos": 896,
                        "Type": "Model",
                        "Resources": {
                            "ModelResource": {
                                "XRotation": 0,
                                "YRotation": 0,
                                "ZRotation": 0,
                                "ModelIndex": 0,
                                "TriggerFlag_StartingLock": 0,
                                "SoundIndex": 0,
                                "ActionResource": {
                                    "Position": 0,
                                    "Axis": 0,
                                    "Duration": 0,
                                    "Magnitude": 0,
                                    "NextObjectOffset": 0,
                                    "PreviousObjectOffset": -1,
                                    "NextObjectIndex": -1,
                                    "Flags": 0
                                }
                            }
                        }
                    },
                    {
                        "Position": 10760,
                        "Index": 1,
                        "XPos": 960,
                        "YPos": -416,
                        "ZPos": 720,
                        "Type": "Flat",
                        "Resources": {
                            "FlatResource": {
                                "Position": 10785,
                                "TextureArchive": 199,
                                "TextureRecord": 15,
                                "Flags": 1,
                                "Magnitude": 0,
                                "SoundIndex": 1,
                                "FactionOrMobileId": 256,
                                "NextObjectOffset": 0,
                                "Action": 0
                            }
                        }
                    },
                    {
                        "Position": 10724,
                        "Index": 2,
                        "XPos": 816,
                        "YPos": -416,
                        "ZPos": 720,
                        "Type": "Flat",
                        "Resources": {
                            "FlatResource": {
                                "Position": 10749,
                                "TextureArchive": 199,
                                "TextureRecord": 19,
                                "Flags": 0,
                                "Magnitude": 0,
                                "SoundIndex": 0,
                                "FactionOrMobileId": 0,
                                "NextObjectOffset": 0,
                                "Action": 0
                            }
                        }
                    },
                    {
                        "Position": 10534,
                        "Index": 3,
                        "XPos": 896,
                        "YPos": -394,
                        "ZPos": 768,
                        "Type": "Model",
                        "Resources": {
                            "ModelResource": {
                                "XRotation": 0,
                                "YRotation": -512,
                                "ZRotation": 0,
                                "ModelIndex": 6,
                                "TriggerFlag_StartingLock": 0,
                                "SoundIndex": 0,
                                "ActionResource": {
                                    "Position": 0,
                                    "Axis": 0,
                                    "Duration": 0,
                                    "Magnitude": 0,
                                    "NextObjectOffset": 0,
                                    "PreviousObjectOffset": -1,
                                    "NextObjectIndex": -1,
                                    "Flags": 0
                                }
                            }
                        }
                    },
                    {
                        "Position": 10498,
                        "Index": 4,
                        "XPos": 896,
                        "YPos": -480,
                        "ZPos": 656,
                        "Type": "Flat",
                        "Resources": {
                            "FlatResource": {
                                "Position": 10523,
                                "TextureArchive": 210,
                                "TextureRecord": 17,
                                "Flags": 0,
                                "Magnitude": 0,
                                "SoundIndex": 0,
                                "FactionOrMobileId": 0,
                                "NextObjectOffset": 0,
                                "Action": 0
                            }
                        }
                    },
                    {
                        "Position": 10463,
                        "Index": 5,
                        "XPos": 896,
                        "YPos": -480,
                        "ZPos": 672,
                        "Type": "Light",
                        "Resources": {
                            "LightResource": {
                                "Unknown1": 25,
                                "Unknown2": 0,
                                "Radius": 40
                            }
                        }
                    },
                    {
                        "Position": 10321,
                        "Index": 6,
                        "XPos": 960,
                        "YPos": -384,
                        "ZPos": 832,
                        "Type": "Model",
                        "Resources": {
                            "ModelResource": {
                                "XRotation": 0,
                                "YRotation": 0,
                                "ZRotation": 0,
                                "ModelIndex": 5,
                                "TriggerFlag_StartingLock": 0,
                                "SoundIndex": 0,
                                "ActionResource": {
                                    "Position": 0,
                                    "Axis": 0,
                                    "Duration": 0,
                                    "Magnitude": 0,
                                    "NextObjectOffset": 0,
                                    "PreviousObjectOffset": -1,
                                    "NextObjectIndex": -1,
                                    "Flags": 0
                                }
                            }
                        }
                    }
                ]
            },
            {
                "RdbObjects": null
            },
            {
                "RdbObjects": null
            },
            {
                "RdbObjects": null
            },
            {
                "RdbObjects": [
                    {
                        "Position": 10427,
                        "Index": 0,
                        "XPos": 850,
                        "YPos": -424,
                        "ZPos": 1280,
                        "Type": "Flat",
                        "Resources": {
                            "FlatResource": {
                                "Position": 10452,
                                "TextureArchive": 210,
                                "TextureRecord": 15,
                                "Flags": 0,
                                "Magnitude": 0,
                                "SoundIndex": 0,
                                "FactionOrMobileId": 0,
                                "NextObjectOffset": 0,
                                "Action": 0
                            }
                        }
                    },
                    {
                        "Position": 10392,
                        "Index": 1,
                        "XPos": 848,
                        "YPos": -448,
                        "ZPos": 1280,
                        "Type": "Light",
                        "Resources": {
                            "LightResource": {
                                "Unknown1": 20,
                                "Unknown2": 0,
                                "Radius": 45
                            }
                        }
                    },
                    {
                        "Position": 10273,
                        "Index": 2,
                        "XPos": 960,
                        "YPos": -384,
                        "ZPos": 1088,
                        "Type": "Model",
                        "Resources": {
                            "ModelResource": {
                                "XRotation": 0,
                                "YRotation": 0,
                                "ZRotation": 0,
                                "ModelIndex": 2,
                                "TriggerFlag_StartingLock": 0,
                                "SoundIndex": 0,
                                "ActionResource": {
                                    "Position": 0,
                                    "Axis": 0,
                                    "Duration": 0,
                                    "Magnitude": 0,
                                    "NextObjectOffset": 0,
                                    "PreviousObjectOffset": -1,
                                    "NextObjectIndex": -1,
                                    "Flags": 0
                                }
                            }
                        }
                    },
                    {
                        "Position": 10225,
                        "Index": 3,
                        "XPos": 832,
                        "YPos": -384,
                        "ZPos": 1216,
                        "Type": "Model",
                        "Resources": {
                            "ModelResource": {
                                "XRotation": 0,
                                "YRotation": 1024,
                                "ZRotation": 0,
                                "ModelIndex": 3,
                                "TriggerFlag_StartingLock": 0,
                                "SoundIndex": 0,
                                "ActionResource": {
                                    "Position": 0,
                                    "Axis": 0,
                                    "Duration": 0,
                                    "Magnitude": 0,
                                    "NextObjectOffset": 0,
                                    "PreviousObjectOffset": -1,
                                    "NextObjectIndex": -1,
                                    "Flags": 0
                                }
                            }
                        }
                    }
                ]
            },
            {
                "RdbObjects": [
                    {
                        "Position": 10892,
                        "Index": 0,
                        "XPos": 1358,
                        "YPos": -544,
                        "ZPos": 1827,
                        "Type": "Flat",
                        "Resources": {
                            "FlatResource": {
                                "Position": 10917,
                                "TextureArchive": 199,
                                "TextureRecord": 8,
                                "Flags": 0,
                                "Magnitude": 0,
                                "SoundIndex": 0,
                                "FactionOrMobileId": 0,
                                "NextObjectOffset": 0,
                                "Action": 0
                            }
                        }
                    },
                    {
                        "Position": 10796,
                        "Index": 1,
                        "XPos": 1384,
                        "YPos": -512,
                        "ZPos": 1672,
                        "Type": "Model",
                        "Resources": {
                            "ModelResource": {
                                "XRotation": 0,
                                "YRotation": 0,
                                "ZRotation": 0,
                                "ModelIndex": 0,
                                "TriggerFlag_StartingLock": 0,
                                "SoundIndex": 0,
                                "ActionResource": {
                                    "Position": 0,
                                    "Axis": 0,
                                    "Duration": 0,
                                    "Magnitude": 0,
                                    "NextObjectOffset": 0,
                                    "PreviousObjectOffset": -1,
                                    "NextObjectIndex": -1,
                                    "Flags": 0
                                }
                            }
                        }
                    },
                    {
                        "Position": 10154,
                        "Index": 2,
                        "XPos": 1088,
                        "YPos": -384,
                        "ZPos": 1344,
                        "Type": "Model",
                        "Resources": {
                            "ModelResource": {
                                "XRotation": 0,
                                "YRotation": 512,
                                "ZRotation": 0,
                                "ModelIndex": 4,
                                "TriggerFlag_StartingLock": 0,
                                "SoundIndex": 0,
                                "ActionResource": {
                                    "Position": 0,
                                    "Axis": 0,
                                    "Duration": 0,
                                    "Magnitude": 0,
                                    "NextObjectOffset": 0,
                                    "PreviousObjectOffset": -1,
                                    "NextObjectIndex": -1,
                                    "Flags": 0
                                }
                            }
                        }
                    },
                    {
                        "Position": 10083,
                        "Index": 3,
                        "XPos": 1472,
                        "YPos": -512,
                        "ZPos": 1344,
                        "Type": "Model",
                        "Resources": {
                            "ModelResource": {
                                "XRotation": 0,
                                "YRotation": 0,
                                "ZRotation": 0,
                                "ModelIndex": 3,
                                "TriggerFlag_StartingLock": 0,
                                "SoundIndex": 0,
                                "ActionResource": {
                                    "Position": 0,
                                    "Axis": 0,
                                    "Duration": 0,
                                    "Magnitude": 0,
                                    "NextObjectOffset": 0,
                                    "PreviousObjectOffset": -1,
                                    "NextObjectIndex": -1,
                                    "Flags": 0
                                }
                            }
                        }
                    },
                    {
                        "Position": 10035,
                        "Index": 4,
                        "XPos": 1344,
                        "YPos": -512,
                        "ZPos": 1472,
                        "Type": "Model",
                        "Resources": {
                            "ModelResource": {
                                "XRotation": 0,
                                "YRotation": -1024,
                                "ZRotation": 0,
                                "ModelIndex": 2,
                                "TriggerFlag_StartingLock": 0,
                                "SoundIndex": 0,
                                "ActionResource": {
                                    "Position": 0,
                                    "Axis": 0,
                                    "Duration": 0,
                                    "Magnitude": 0,
                                    "NextObjectOffset": 0,
                                    "PreviousObjectOffset": -1,
                                    "NextObjectIndex": -1,
                                    "Flags": 0
                                }
                            }
                        }
                    },
                    {
                        "Position": 9999,
                        "Index": 5,
                        "XPos": 1408,
                        "YPos": -544,
                        "ZPos": 2016,
                        "Type": "Flat",
                        "Resources": {
                            "FlatResource": {
                                "Position": 10024,
                                "TextureArchive": 199,
                                "TextureRecord": 10,
                                "Flags": 0,
                                "Magnitude": 0,
                                "SoundIndex": 0,
                                "FactionOrMobileId": 0,
                                "NextObjectOffset": 0,
                                "Action": 0
                            }
                        }
                    },
                    {
                        "Position": 9929,
                        "Index": 6,
                        "XPos": 1408,
                        "YPos": -576,
                        "ZPos": 1728,
                        "Type": "Light",
                        "Resources": {
                            "LightResource": {
                                "Unknown1": 28,
                                "Unknown2": 0,
                                "Radius": 60
                            }
                        }
                    },
                    {
                        "Position": 9893,
                        "Index": 7,
                        "XPos": 1451,
                        "YPos": -561,
                        "ZPos": 1708,
                        "Type": "Flat",
                        "Resources": {
                            "FlatResource": {
                                "Position": 9918,
                                "TextureArchive": 210,
                                "TextureRecord": 6,
                                "Flags": 0,
                                "Magnitude": 0,
                                "SoundIndex": 0,
                                "FactionOrMobileId": 0,
                                "NextObjectOffset": -2,
                                "Action": 0
                            }
                        }
                    },
                    {
                        "Position": 9857,
                        "Index": 8,
                        "XPos": 1365,
                        "YPos": -560,
                        "ZPos": 1706,
                        "Type": "Flat",
                        "Resources": {
                            "FlatResource": {
                                "Position": 9882,
                                "TextureArchive": 210,
                                "TextureRecord": 6,
                                "Flags": 0,
                                "Magnitude": 0,
                                "SoundIndex": 0,
                                "FactionOrMobileId": 0,
                                "NextObjectOffset": 0,
                                "Action": 0
                            }
                        }
                    },
                    {
                        "Position": 9809,
                        "Index": 9,
                        "XPos": 1408,
                        "YPos": -576,
                        "ZPos": 1856,
                        "Type": "Model",
                        "Resources": {
                            "ModelResource": {
                                "XRotation": 0,
                                "YRotation": 0,
                                "ZRotation": 0,
                                "ModelIndex": 1,
                                "TriggerFlag_StartingLock": 0,
                                "SoundIndex": 0,
                                "ActionResource": {
                                    "Position": 0,
                                    "Axis": 0,
                                    "Duration": 0,
                                    "Magnitude": 0,
                                    "NextObjectOffset": 0,
                                    "PreviousObjectOffset": -1,
                                    "NextObjectIndex": -1,
                                    "Flags": 0
                                }
                            }
                        }
                    }
                ]
            },
            {
                "RdbObjects": null
            },
            {
                "RdbObjects": null
            },
            {
                "RdbObjects": null
            },
            {
                "RdbObjects": null
            },
            {
                "RdbObjects": null
            },
            {
                "RdbObjects": null
            },
            {
                "RdbObjects": null
            },
            {
                "RdbObjects": null
            },
            {
                "RdbObjects": null
            },
            {
                "RdbObjects": null
            }
        ]
    },
    "RdiBlock": {
        "Data": null
    }
}