{
    "Position": 28531468,
    "Index": 1051,
    "Name": "M0000005.RDB",
    "Type": "Rdb",
    "RmbBlock": {
        "FldHeader": {
            "NumBlockDataRecords": 0,
            "NumMisc3dObjectRecords": 0,
            "NumMiscFlatObjectRecords": 0,
            "BlockPositions": null,
            "BuildingDataList": null,
            "BlockDataSizes": null,
            "GroundData": {

            },
            "AutoMapData": null,
            "Name": null,
            "OtherNames": null
        },
        "SubRecords": null,
        "Misc3dObjectRecords": null,
        "MiscFlatObjectRecords": null
    },
    "RdbBlock": {
        "ModelReferenceList": [
            {
                "ModelId": "55001",
                "ModelIdNum": 55001,
                "Description": "DOR"
            },
            {
                "ModelId": "58051",
                "ModelIdNum": 58051,
                "Description": "CRP"
            },
            {
                "ModelId": "61020",
                "ModelIdNum": 61020,
                "Description": "C09"
            },
            {
                "ModelId": "61018",
                "ModelIdNum": 61018,
                "Description": "C0D"
            },
            {
                "ModelId": "61002",
                "ModelIdNum": 61002,
                "Description": "C0I"
            },
            {
                "ModelId": "61003",
                "ModelIdNum": 61003,
                "Description": "C00"
            },
            {
                "ModelId": "61010",
                "ModelIdNum": 61010,
                "Description": "C06"
            },
            {
                "ModelId": "61013",
                "ModelIdNum": 61013,
                "Description": "C08"
            },
            {
                "ModelId": "72011",
                "ModelIdNum": 72011,
                "Description": "R51"
            },
            {
                "ModelId": "64300",
                "ModelIdNum": 64300,
                "Description": "R01"
            },
            {
                "ModelId": "41108",
                "ModelIdNum": 41108,
                "Description": "XXX"
            },
            {
                "ModelId": "41006",
                "ModelIdNum": 41006,
                "Description": "XXX"
            },
            {
                "ModelId": "41317",
                "ModelIdNum": 41317,
                "Description": "XXX"
            },
            {
                "ModelId": "41322",
                "ModelIdNum": 41322,
                "Description": "XXX"
            },
            {
                "ModelId": "41320",
                "ModelIdNum": 41320,
                "Description": "XXX"
            },
            {
                "ModelId": "09004",
                "ModelIdNum": 9004,
                "Description": "DOR"
            },
            {
                "ModelId": "55000",
                "ModelIdNum": 55000,
                "Description": "DOR"
            }
        ],
        "ObjectRootList": [
            {
                "RdbObjects": [
                    {
                        "Position": 12319,
                        "Index": 0,
                        "XPos": 760,
                        "YPos": -256,
                        "ZPos": 488,
                        "Type": "Model",
                        "Resources": {
                            "ModelResource": {
                                "XRotation": 0,
                                "YRotation": 512,
                                "ZRotation": 0,
                                "ModelIndex": 16,
                                "TriggerFlag_StartingLock": 0,
                                "SoundIndex": 0,
                                "ActionResource": {
                                    "Position": 0,
                                    "Axis": 0,
                                    "Duration": 0,
                                    "Magnitude": 0,
                                    "NextObjectOffset": 0,
                                    "PreviousObjectOffset": -1,
                                    "NextObjectIndex": -1,
                                    "Flags": 0
                                }
                            }
                        }
                    },
                    {
                        "Position": 12223,
                        "Index": 1,
                        "XPos": 760,
                        "YPos": -256,
                        "ZPos": 1000,
                        "Type": "Model",
                        "Resources": {
                            "ModelResource": {
                                "XRotation": 0,
                                "YRotation": 512,
                                "ZRotation": 0,
                                "ModelIndex": 16,
                                "TriggerFlag_StartingLock": 0,
                                "SoundIndex": 0,
                                "ActionResource": {
                                    "Position": 0,
                                    "Axis": 0,
                                    "Duration": 0,
                                    "Magnitude": 0,
                                    "NextObjectOffset": 0,
                                    "PreviousObjectOffset": -1,
                                    "NextObjectIndex": -1,
                                    "Flags": 0
                                }
                            }
                        }
                    },
                    {
                        "Position": 11960,
                        "Index": 2,
                        "XPos": 448,
                        "YPos": -288,
                        "ZPos": 224,
                        "Type": "Flat",
                        "Resources": {
                            "FlatResource": {
                                "Position": 11985,
                                "TextureArchive": 199,
                                "TextureRecord": 20,
                                "Flags": 0,
                                "Magnitude": 0,
                                "SoundIndex": 0,
                                "FactionOrMobileId": 0,
                                "NextObjectOffset": 0,
                                "Action": 0
                            }
                        }
                    },
                    {
                        "Position": 11924,
                        "Index": 3,
                        "XPos": 384,
                        "YPos": -288,
                        "ZPos": 528,
                        "Type": "Flat",
                        "Resources": {
                            "FlatResource": {
                                "Position": 11949,
                                "TextureArchive": 199,
                                "TextureRecord": 19,
                                "Flags": 0,
                                "Magnitude": 0,
                                "SoundIndex": 0,
                                "FactionOrMobileId": 0,
                                "NextObjectOffset": 0,
                                "Action": 0
                            }
                        }
                    },
                    {
                        "Position": 11888,
                        "Index": 4,
                        "XPos": 160,
                        "YPos": -288,
                        "ZPos": 256,
                        "Type": "Flat",
                        "Resources": {
                            "FlatResource": {
                                "Position": 11913,
                                "TextureArchive": 199,
                                "TextureRecord": 15,
                                "Flags": 2,
                                "Magnitude": 0,
                                "SoundIndex": 3,
                                "FactionOrMobileId": 768,
                                "NextObjectOffset": -2,
                                "Action": 0
                            }
                        }
                    },
                    {
                        "Position": 11852,
                        "Index": 5,
                        "XPos": 688,
                        "YPos": -288,
                        "ZPos": 224,
                        "Type": "Flat",
                        "Resources": {
                            "FlatResource": {
                                "Position": 11877,
                                "TextureArchive": 199,
                                "TextureRecord": 15,
                                "Flags": 2,
                                "Magnitude": 0,
                                "SoundIndex": 3,
                                "FactionOrMobileId": 768,
                                "NextObjectOffset": 0,
                                "Action": 0
                            }
                        }
                    },
                    {
                        "Position": 11816,
                        "Index": 6,
                        "XPos": 896,
                        "YPos": -288,
                        "ZPos": 720,
                        "Type": "Flat",
                        "Resources": {
                            "FlatResource": {
                                "Position": 11841,
                                "TextureArchive": 199,
                                "TextureRecord": 15,
                                "Flags": 1,
                                "Magnitude": 0,
                                "SoundIndex": 0,
                                "FactionOrMobileId": 0,
                                "NextObjectOffset": 0,
                                "Action": 0
                            }
                        }
                    },
                    {
                        "Position": 11518,
                        "Index": 7,
                        "XPos": 384,
                        "YPos": -344,
                        "ZPos": 384,
                        "Type": "Light",
                        "Resources": {
                            "LightResource": {
                                "Unknown1": 30,
                                "Unknown2": 0,
                                "Radius": 40
                            }
                        }
                    },
                    {
                        "Position": 11482,
                        "Index": 8,
                        "XPos": 384,
                        "YPos": -363,
                        "ZPos": 384,
                        "Type": "Flat",
                        "Resources": {
                            "FlatResource": {
                                "Position": 11507,
                                "TextureArchive": 210,
                                "TextureRecord": 27,
                                "Flags": 0,
                                "Magnitude": 0,
                                "SoundIndex": 0,
                                "FactionOrMobileId": 0,
                                "NextObjectOffset": 0,
                                "Action": 0
                            }
                        }
                    },
                    {
                        "Position": 11340,
                        "Index": 9,
                        "XPos": 390,
                        "YPos": -288,
                        "ZPos": 377,
                        "Type": "Model",
                        "Resources": {
                            "ModelResource": {
                                "XRotation": 0,
                                "YRotation": -2048,
                                "ZRotation": 0,
                                "ModelIndex": 14,
                                "TriggerFlag_StartingLock": 0,
                                "SoundIndex": 0,
                                "ActionResource": {
                                    "Position": 0,
                                    "Axis": 0,
                                    "Duration": 0,
                                    "Magnitude": 0,
                                    "NextObjectOffset": 0,
                                    "PreviousObjectOffset": -1,
                                    "NextObjectIndex": -1,
                                    "Flags": 0
                                }
                            }
                        }
                    },
                    {
                        "Position": 10914,
                        "Index": 10,
                        "XPos": 640,
                        "YPos": -276,
                        "ZPos": 976,
                        "Type": "Model",
                        "Resources": {
                            "ModelResource": {
                                "XRotation": 0,
                                "YRotation": 0,
                                "ZRotation": 0,
                                "ModelIndex": 10,
                                "TriggerFlag_StartingLock": 0,
                                "SoundIndex": 0,
                                "ActionResource": {
                                    "Position": 0,
                                    "Axis": 0,
                                    "Duration": 0,
                                    "Magnitude": 0,
                                    "NextObjectOffset": 0,
                                    "PreviousObjectOffset": -1,
                                    "NextObjectIndex": -1,
                                    "Flags": 0
                                }
                            }
                        }
                    },
                    {
                        "Position": 10807,
                        "Index": 11,
                        "XPos": 896,
                        "YPos": -305,
                        "ZPos": 286,
                        "Type": "Flat",
                        "Resources": {
                            "FlatResource": {
                                "Position": 10832,
                                "TextureArchive": 210,
                                "TextureRecord": 6,
                                "Flags": 0,
                                "Magnitude": 0,
                                "SoundIndex": 0,
                                "FactionOrMobileId": 0,
                                "NextObjectOffset": 0,
                                "Action": 0
                            }
                        }
                    },
                    {
                        "Position": 10772,
                        "Index": 12,
                        "XPos": 896,
                        "YPos": -320,
                        "ZPos": 288,
                        "Type": "Light",
                        "Resources": {
                            "LightResource": {
                                "Unknown1": 25,
                                "Unknown2": 0,
                                "Radius": 60
                            }
                        }
                    },
                    {
                        "Position": 10724,
                        "Index": 13,
                        "XPos": 704,
                        "YPos": -256,
                        "ZPos": 960,
                        "Type": "Model",
                        "Resources": {
                            "ModelResource": {
                                "XRotation": 0,
                                "YRotation": -512,
                                "ZRotation": 0,
                                "ModelIndex": 9,
                                "TriggerFlag_StartingLock": 0,
                                "SoundIndex": 0,
                                "ActionResource": {
                                    "Position": 0,
                                    "Axis": 0,
                                    "Duration": 0,
                                    "Magnitude": 0,
                                    "NextObjectOffset": 0,
                                    "PreviousObjectOffset": -1,
                                    "NextObjectIndex": -1,
                                    "Flags": 0
                                }
                            }
                        }
                    },
                    {
                        "Position": 10534,
                        "Index": 14,
                        "XPos": 384,
                        "YPos": -256,
                        "ZPos": 384,
                        "Type": "Model",
                        "Resources": {
                            "ModelResource": {
                                "XRotation": 0,
                                "YRotation": -512,
                                "ZRotation": 0,
                                "ModelIndex": 8,
                                "TriggerFlag_StartingLock": 0,
                                "SoundIndex": 0,
                                "ActionResource": {
                                    "Position": 0,
                                    "Axis": 0,
                                    "Duration": 0,
                                    "Magnitude": 0,
                                    "NextObjectOffset": 0,
                                    "PreviousObjectOffset": -1,
                                    "NextObjectIndex": -1,
                                    "Flags": 0
                                }
                            }
                        }
                    },
                    {
                        "Position": 10463,
                        "Index": 15,
                        "XPos": 896,
                        "YPos": -256,
                        "ZPos": 256,
                        "Type": "Model",
                        "Resources": {
                            "ModelResource": {
                                "XRotation": 0,
                                "YRotation": -1024,
                                "ZRotation": 0,
                                "ModelIndex": 7,
                                "TriggerFlag_StartingLock": 0,
                                "SoundIndex": 0,
                                "ActionResource": {
                                    "Position": 0,
                                    "Axis": 0,
                                    "Duration": 0,
                                    "Magnitude": 0,
                                    "NextObjectOffset": 0,
                                    "PreviousObjectOffset": -1,
                                    "NextObjectIndex": -1,
                                    "Flags": 0
                                }
                            }
                        }
                    },
                    {
                        "Position": 10415,
                        "Index": 16,
                        "XPos": 896,
                        "YPos": -256,
                        "ZPos": 512,
                        "Type": "Model",
                        "Resources": {
                            "ModelResource": {
                                "XRotation": 0,
                                "YRotation": 0,
                                "ZRotation": 0,
                                "ModelIndex": 6,
                                "TriggerFlag_StartingLock": 0,
                                "SoundIndex": 0,
                                "ActionResource": {
                                    "Position": 0,
                                    "Axis": 0,
                                    "Duration": 0,
                                    "Magnitude": 0,
                                    "NextObjectOffset": 0,
                                    "PreviousObjectOffset": -1,
                                    "NextObjectIndex": -1,
                                    "Flags": 0
                                }
                            }
                        }
                    },
                    {
                        "Position": 10367,
                        "Index": 17,
                        "XPos": 896,
                        "YPos": -256,
                        "ZPos": 768,
                        "Type": "Model",
                        "Resources": {
                            "ModelResource": {
                                "XRotation": 0,
                                "YRotation": 0,
                                "ZRotation": 0,
                                "ModelIndex": 5,
                                "TriggerFlag_StartingLock": 0,
                                "SoundIndex": 0,
                                "ActionResource": {
                                    "Position": 0,
                                    "Axis": 0,
                                    "Duration": 0,
                                    "Magnitude": 0,
                                    "NextObjectOffset": 0,
                                    "PreviousObjectOffset": -1,
                                    "NextObjectIndex": -1,
                                    "Flags": 0
                                }
                            }
                        }
                    }
                ]
            },
            {
                "RdbObjects": [
                    {
                        "Position": 12367,
                        "Index": 0,
                        "XPos": 1176,
                        "YPos": -297,
                        "ZPos": 508,
                        "Type": "Flat",
                        "Resources": {
                            "FlatResource": {
                                "Position": 12392,
                                "TextureArchive": 199,
                                "TextureRecord": 8,
                                "Flags": 0,
                                "Magnitude": 0,
                                "SoundIndex": 0,
                                "FactionOrMobileId": 0,
                                "NextObjectOffset": 0,
                                "Action": 0
                            }
                        }
                    },
                    {
                        "Position": 12271,
                        "Index": 1,
                        "XPos": 1024,
                        "YPos": -256,
                        "ZPos": 488,
                        "Type": "Model",
                        "Resources": {
                            "ModelResource": {
                                "XRotation": 0,
                                "YRotation": 512,
                                "ZRotation": 0,
                                "ModelIndex": 16,
                                "TriggerFlag_StartingLock": 0,
                                "SoundIndex": 0,
                                "ActionResource": {
                                    "Position": 0,
                                    "Axis": 0,
                                    "Duration": 0,
                                    "Magnitude": 0,
                                    "NextObjectOffset": 0,
                                    "PreviousObjectOffset": -1,
                                    "NextObjectIndex": -1,
                                    "Flags": 0
                                }
                            }
                        }
                    },
                    {
                        "Position": 12152,
                        "Index": 2,
                        "XPos": 1024,
                        "YPos": -256,
                        "ZPos": 1000,
                        "Type": "Model",
                        "Resources": {
                            "ModelResource": {
                                "XRotation": 0,
                                "YRotation": 512,
                                "ZRotation": 0,
                                "ModelIndex": 16,
                                "TriggerFlag_StartingLock": 0,
                                "SoundIndex": 0,
                                "ActionResource": {
                                    "Position": 0,
                                    "Axis": 0,
                                    "Duration": 0,
                                    "Magnitude": 0,
                                    "NextObjectOffset": 0,
                                    "PreviousObjectOffset": -1,
                                    "NextObjectIndex": -1,
                                    "Flags": 0
                                }
                            }
                        }
                    },
                    {
                        "Position": 12032,
                        "Index": 3,
                        "XPos": 1120,
                        "YPos": -288,
                        "ZPos": 448,
                        "Type": "Flat",
                        "Resources": {
                            "FlatResource": {
                                "Position": 12057,
                                "TextureArchive": 199,
                                "TextureRecord": 20,
                                "Flags": 0,
                                "Magnitude": 0,
                                "SoundIndex": 0,
                                "FactionOrMobileId": 0,
                                "NextObjectOffset": -2,
                                "Action": 0
                            }
                        }
                    },
                    {
                        "Position": 11269,
                        "Index": 4,
                        "XPos": 1184,
                        "YPos": -274,
                        "ZPos": 512,
                        "Type": "Model",
                        "Resources": {
                            "ModelResource": {
                                "XRotation": 0,
                                "YRotation": 0,
                                "ZRotation": 0,
                                "ModelIndex": 13,
                                "TriggerFlag_StartingLock": 0,
                                "SoundIndex": 0,
                                "ActionResource": {
                                    "Position": 0,
                                    "Axis": 0,
                                    "Duration": 0,
                                    "Magnitude": 0,
                                    "NextObjectOffset": 0,
                                    "PreviousObjectOffset": -1,
                                    "NextObjectIndex": -1,
                                    "Flags": 0
                                }
                            }
                        }
                    },
                    {
                        "Position": 11233,
                        "Index": 5,
                        "XPos": 1264,
                        "YPos": -352,
                        "ZPos": 512,
                        "Type": "Flat",
                        "Resources": {
                            "FlatResource": {
                                "Position": 11258,
                                "TextureArchive": 210,
                                "TextureRecord": 17,
                                "Flags": 0,
                                "Magnitude": 0,
                                "SoundIndex": 0,
                                "FactionOrMobileId": 0,
                                "NextObjectOffset": 0,
                                "Action": 0
                            }
                        }
                    },
                    {
                        "Position": 11198,
                        "Index": 6,
                        "XPos": 1248,
                        "YPos": -368,
                        "ZPos": 512,
                        "Type": "Light",
                        "Resources": {
                            "LightResource": {
                                "Unknown1": 25,
                                "Unknown2": 0,
                                "Radius": 40
                            }
                        }
                    },
                    {
                        "Position": 10605,
                        "Index": 7,
                        "XPos": 1088,
                        "YPos": -256,
                        "ZPos": 576,
                        "Type": "Model",
                        "Resources": {
                            "ModelResource": {
                                "XRotation": 0,
                                "YRotation": 512,
                                "ZRotation": 0,
                                "ModelIndex": 9,
                                "TriggerFlag_StartingLock": 0,
                                "SoundIndex": 0,
                                "ActionResource": {
                                    "Position": 0,
                                    "Axis": 0,
                                    "Duration": 0,
                                    "Magnitude": 0,
                                    "NextObjectOffset": 0,
                                    "PreviousObjectOffset": -1,
                                    "NextObjectIndex": -1,
                                    "Flags": 0
                                }
                            }
                        }
                    }
                ]
            },
            {
                "RdbObjects": null
            },
            {
                "RdbObjects": null
            },
            {
                "RdbObjects": [
                    {
                        "Position": 11996,
                        "Index": 0,
                        "XPos": 576,
                        "YPos": -288,
                        "ZPos": 1056,
                        "Type": "Flat",
                        "Resources": {
                            "FlatResource": {
                                "Position": 12021,
                                "TextureArchive": 199,
                                "TextureRecord": 20,
                                "Flags": 0,
                                "Magnitude": 0,
                                "SoundIndex": 0,
                                "FactionOrMobileId": 0,
                                "NextObjectOffset": 0,
                                "Action": 0
                            }
                        }
                    },
                    {
                        "Position": 10985,
                        "Index": 1,
                        "XPos": 640,
                        "YPos": -292,
                        "ZPos": 1133,
                        "Type": "Model",
                        "Resources": {
                            "ModelResource": {
                                "XRotation": 0,
                                "YRotation": 0,
                                "ZRotation": 0,
                                "ModelIndex": 11,
                                "TriggerFlag_StartingLock": 0,
                                "SoundIndex": 0,
                                "ActionResource": {
                                    "Position": 0,
                                    "Axis": 0,
                                    "Duration": 0,
                                    "Magnitude": 0,
                                    "NextObjectOffset": 0,
                                    "PreviousObjectOffset": -1,
                                    "NextObjectIndex": -1,
                                    "Flags": 0
                                }
                            }
                        }
                    },
                    {
                        "Position": 10878,
                        "Index": 2,
                        "XPos": 528,
                        "YPos": -352,
                        "ZPos": 1024,
                        "Type": "Flat",
                        "Resources": {
                            "FlatResource": {
                                "Position": 10903,
                                "TextureArchive": 210,
                                "TextureRecord": 17,
                                "Flags": 0,
                                "Magnitude": 0,
                                "SoundIndex": 0,
                                "FactionOrMobileId": 0,
                                "NextObjectOffset": 0,
                                "Action": 0
                            }
                        }
                    },
                    {
                        "Position": 10843,
                        "Index": 3,
                        "XPos": 552,
                        "YPos": -352,
                        "ZPos": 1024,
                        "Type": "Light",
                        "Resources": {
                            "LightResource": {
                                "Unknown1": 25,
                                "Unknown2": 0,
                                "Radius": 40
                            }
                        }
                    },
                    {
                        "Position": 10296,
                        "Index": 4,
                        "XPos": 896,
                        "YPos": -256,
                        "ZPos": 1024,
                        "Type": "Model",
                        "Resources": {
                            "ModelResource": {
                                "XRotation": 0,
                                "YRotation": 0,
                                "ZRotation": 0,
                                "ModelIndex": 6,
                                "TriggerFlag_StartingLock": 0,
                                "SoundIndex": 0,
                                "ActionResource": {
                                    "Position": 0,
                                    "Axis": 0,
                                    "Duration": 0,
                                    "Magnitude": 0,
                                    "NextObjectOffset": 0,
                                    "PreviousObjectOffset": -1,
                                    "NextObjectIndex": -1,
                                    "Flags": 0
                                }
                            }
                        }
                    },
                    {
                        "Position": 10225,
                        "Index": 5,
                        "XPos": 896,
                        "YPos": -256,
                        "ZPos": 1280,
                        "Type": "Model",
                        "Resources": {
                            "ModelResource": {
                                "XRotation": 0,
                                "YRotation": 0,
                                "ZRotation": 0,
                                "ModelIndex": 5,
                                "TriggerFlag_StartingLock": 0,
                                "SoundIndex": 0,
                                "ActionResource": {
                                    "Position": 0,
                                    "Axis": 0,
                                    "Duration": 0,
                                    "Magnitude": 0,
                                    "NextObjectOffset": 0,
                                    "PreviousObjectOffset": -1,
                                    "NextObjectIndex": -1,
                                    "Flags": 0
                                }
                            }
                        }
                    },
                    {
                        "Position": 10154,
                        "Index": 6,
                        "XPos": 896,
                        "YPos": -256,
                        "ZPos": 1536,
                        "Type": "Model",
                        "Resources": {
                            "ModelResource": {
                                "XRotation": 0,
                                "YRotation": 0,
                                "ZRotation": 0,
                                "ModelIndex": 4,
                                "TriggerFlag_StartingLock": 0,
                                "SoundIndex": 0,
                                "ActionResource": {
                                    "Position": 0,
                                    "Axis": 0,
                                    "Duration": 0,
                                    "Magnitude": 0,
                                    "NextObjectOffset": 0,
                                    "PreviousObjectOffset": -1,
                                    "NextObjectIndex": -1,
                                    "Flags": 0
                                }
                            }
                        }
                    }
                ]
            },
            {
                "RdbObjects": [
                    {
                        "Position": 12104,
                        "Index": 0,
                        "XPos": 1384,
                        "YPos": -512,
                        "ZPos": 1672,
                        "Type": "Model",
                        "Resources": {
                            "ModelResource": {
                                "XRotation": 0,
                                "YRotation": 0,
                                "ZRotation": 0,
                                "ModelIndex": 0,
                                "TriggerFlag_StartingLock": 0,
                                "SoundIndex": 0,
                                "ActionResource": {
                                    "Position": 0,
                                    "Axis": 0,
                                    "Duration": 0,
                                    "Magnitude": 0,
                                    "NextObjectOffset": 0,
                                    "PreviousObjectOffset": -1,
                                    "NextObjectIndex": -1,
                                    "Flags": 0
                                }
                            }
                        }
                    },
                    {
                        "Position": 12068,
                        "Index": 1,
                        "XPos": 1216,
                        "YPos": -288,
                        "ZPos": 1088,
                        "Type": "Flat",
                        "Resources": {
                            "FlatResource": {
                                "Position": 12093,
                                "TextureArchive": 199,
                                "TextureRecord": 19,
                                "Flags": 0,
                                "Magnitude": 0,
                                "SoundIndex": 0,
                                "FactionOrMobileId": 0,
                                "NextObjectOffset": 0,
                                "Action": 0
                            }
                        }
                    },
                    {
                        "Position": 11127,
                        "Index": 2,
                        "XPos": 1152,
                        "YPos": -266,
                        "ZPos": 1040,
                        "Type": "Model",
                        "Resources": {
                            "ModelResource": {
                                "XRotation": 0,
                                "YRotation": 0,
                                "ZRotation": 0,
                                "ModelIndex": 12,
                                "TriggerFlag_StartingLock": 0,
                                "SoundIndex": 0,
                                "ActionResource": {
                                    "Position": 0,
                                    "Axis": 0,
                                    "Duration": 0,
                                    "Magnitude": 0,
                                    "NextObjectOffset": 0,
                                    "PreviousObjectOffset": -1,
                                    "NextObjectIndex": -1,
                                    "Flags": 0
                                }
                            }
                        }
                    },
                    {
                        "Position": 11091,
                        "Index": 3,
                        "XPos": 1264,
                        "YPos": -352,
                        "ZPos": 1024,
                        "Type": "Flat",
                        "Resources": {
                            "FlatResource": {
                                "Position": 11116,
                                "TextureArchive": 210,
                                "TextureRecord": 17,
                                "Flags": 0,
                                "Magnitude": 0,
                                "SoundIndex": 0,
                                "FactionOrMobileId": 0,
                                "NextObjectOffset": 0,
                                "Action": 0
                            }
                        }
                    },
                    {
                        "Position": 11056,
                        "Index": 4,
                        "XPos": 1248,
                        "YPos": -352,
                        "ZPos": 1024,
                        "Type": "Light",
                        "Resources": {
                            "LightResource": {
                                "Unknown1": 24,
                                "Unknown2": 0,
                                "Radius": 40
                            }
                        }
                    },
                    {
                        "Position": 10676,
                        "Index": 5,
                        "XPos": 1088,
                        "YPos": -256,
                        "ZPos": 1088,
                        "Type": "Model",
                        "Resources": {
                            "ModelResource": {
                                "XRotation": 0,
                                "YRotation": 512,
                                "ZRotation": 0,
                                "ModelIndex": 9,
                                "TriggerFlag_StartingLock": 0,
                                "SoundIndex": 0,
                                "ActionResource": {
                                    "Position": 0,
                                    "Axis": 0,
                                    "Duration": 0,
                                    "Magnitude": 0,
                                    "NextObjectOffset": 0,
                                    "PreviousObjectOffset": -1,
                                    "NextObjectIndex": -1,
                                    "Flags": 0
                                }
                            }
                        }
                    },
                    {
                        "Position": 10083,
                        "Index": 6,
                        "XPos": 1152,
                        "YPos": -256,
                        "ZPos": 1536,
                        "Type": "Model",
                        "Resources": {
                            "ModelResource": {
                                "XRotation": 0,
                                "YRotation": -512,
                                "ZRotation": 0,
                                "ModelIndex": 3,
                                "TriggerFlag_StartingLock": 0,
                                "SoundIndex": 0,
                                "ActionResource": {
                                    "Position": 0,
                                    "Axis": 0,
                                    "Duration": 0,
                                    "Magnitude": 0,
                                    "NextObjectOffset": 0,
                                    "PreviousObjectOffset": -1,
                                    "NextObjectIndex": -1,
                                    "Flags": 0
                                }
                            }
                        }
                    },
                    {
                        "Position": 10035,
                        "Index": 7,
                        "XPos": 1408,
                        "YPos": -512,
                        "ZPos": 1536,
                        "Type": "Model",
                        "Resources": {
                            "ModelResource": {
                                "XRotation": 0,
                                "YRotation": 512,
                                "ZRotation": 0,
                                "ModelIndex": 2,
                                "TriggerFlag_StartingLock": 0,
                                "SoundIndex": 0,
                                "ActionResource": {
                                    "Position": 0,
                                    "Axis": 0,
                                    "Duration": 0,
                                    "Magnitude": 0,
                                    "NextObjectOffset": 0,
                                    "PreviousObjectOffset": -1,
                                    "NextObjectIndex": -1,
                                    "Flags": 0
                                }
                            }
                        }
                    },
                    {
                        "Position": 9999,
                        "Index": 8,
                        "XPos": 1408,
                        "YPos": -544,
                        "ZPos": 2016,
                        "Type": "Flat",
                        "Resources": {
                            "FlatResource": {
                                "Position": 10024,
                                "TextureArchive": 199,
                                "TextureRecord": 10,
                                "Flags": 0,
                                "Magnitude": 0,
                                "SoundIndex": 0,
                                "FactionOrMobileId": 0,
                                "NextObjectOffset": 0,
                                "Action": 0
                            }
                        }
                    },
                    {
                        "Position": 9929,
                        "Index": 9,
                        "XPos": 1408,
                        "YPos": -576,
                        "ZPos": 1728,
                        "Type": "Light",
                        "Resources": {
                            "LightResource": {
                                "Unknown1": 28,
                                "Unknown2": 0,
                                "Radius": 60
                            }
                        }
                    },
                    {
                        "Position": 9893,
                        "Index": 10,
                        "XPos": 1451,
                        "YPos": -561,
                        "ZPos": 1708,
                        "Type": "Flat",
                        "Resources": {
                            "FlatResource": {
                                "Position": 9918,
                                "TextureArchive": 210,
                                "TextureRecord": 6,
                                "Flags": 0,
                                "Magnitude": 0,
                                "SoundIndex": 0,
                                "FactionOrMobileId": 0,
                                "NextObjectOffset": -2,
                                "Action": 0
                            }
                        }
                    },
                    {
                        "Position": 9857,
                        "Index": 11,
                        "XPos": 1365,
                        "YPos": -560,
                        "ZPos": 1706,
                        "Type": "Flat",
                        "Resources": {
                            "FlatResource": {
                                "Position": 9882,
                                "TextureArchive": 210,
                                "TextureRecord": 6,
                                "Flags": 0,
                                "Magnitude": 0,
                                "SoundIndex": 0,
                                "FactionOrMobileId": 0,
                                "NextObjectOffset": 0,
                                "Action": 0
                            }
                        }
                    },
                    {
                        "Position": 9809,
                        "Index": 12,
                        "XPos": 1408,
                        "YPos": -576,
                        "ZPos": 1856,
                        "Type": "Model",
                        "Resources": {
                            "ModelResource": {
                                "XRotation": 0,
                                "YRotation": 0,
                                "ZRotation": 0,
                                "ModelIndex": 1,
                                "TriggerFlag_StartingLock": 0,
                                "SoundIndex": 0,
                                "ActionResource": {
                                    "Position": 0,
                                    "Axis": 0,
                                    "Duration": 0,
                                    "Magnitude": 0,
                                    "NextObjectOffset": 0,
                                    "PreviousObjectOffset": -1,
                                    "NextObjectIndex": -1,
                                    "Flags": 0
                                }
                            }
                        }
                    }
                ]
            },
            {
                "RdbObjects": null
            },
            {
                "RdbObjects": null
            },
            {
                "RdbObjects": null
            },
            {
                "RdbObjects": null
            },
            {
                "RdbObjects": null
            },
            {
                "RdbObjects": null
            },
            {
                "RdbObjects": null
            },
            {
                "RdbObjects": null
            },
            {
                "RdbObjects": null
            },
            {
                "RdbObjects": null
            }
        ]
    },
    "RdiBlock": {
        "Data": null
    }
}