{
    "Position": 28518066,
    "Index": 1050,
    "Name": "M0000004.RDB",
    "Type": "Rdb",
    "RmbBlock": {
        "FldHeader": {
            "NumBlockDataRecords": 0,
            "NumMisc3dObjectRecords": 0,
            "NumMiscFlatObjectRecords": 0,
            "BlockPositions": null,
            "BuildingDataList": null,
            "BlockDataSizes": null,
            "GroundData": {

            },
            "AutoMapData": null,
            "Name": null,
            "OtherNames": null
        },
        "SubRecords": null,
        "Misc3dObjectRecords": null,
        "MiscFlatObjectRecords": null
    },
    "RdbBlock": {
        "ModelReferenceList": [
            {
                "ModelId": "55005",
                "ModelIdNum": 55005,
                "Description": "DOR"
            },
            {
                "ModelId": "58051",
                "ModelIdNum": 58051,
                "Description": "CRP"
            },
            {
                "ModelId": "61014",
                "ModelIdNum": 61014,
                "Description": "C09"
            },
            {
                "ModelId": "61018",
                "ModelIdNum": 61018,
                "Description": "C0D"
            },
            {
                "ModelId": "61002",
                "ModelIdNum": 61002,
                "Description": "C0I"
            },
            {
                "ModelId": "61000",
                "ModelIdNum": 61000,
                "Description": "C0F"
            },
            {
                "ModelId": "61003",
                "ModelIdNum": 61003,
                "Description": "C00"
            },
            {
                "ModelId": "72000",
                "ModelIdNum": 72000,
                "Description": "R43"
            },
            {
                "ModelId": "41305",
                "ModelIdNum": 41305,
                "Description": "XXX"
            },
            {
                "ModelId": "64300",
                "ModelIdNum": 64300,
                "Description": "R01"
            },
            {
                "ModelId": "41315",
                "ModelIdNum": 41315,
                "Description": "XXX"
            },
            {
                "ModelId": "41317",
                "ModelIdNum": 41317,
                "Description": "XXX"
            },
            {
                "ModelId": "55012",
                "ModelIdNum": 55012,
                "Description": "DOR"
            },
            {
                "ModelId": "41325",
                "ModelIdNum": 41325,
                "Description": "XXX"
            },
            {
                "ModelId": "55003",
                "ModelIdNum": 55003,
                "Description": "DOR"
            },
            {
                "ModelId": "41833",
                "ModelIdNum": 41833,
                "Description": "XXX"
            },
            {
                "ModelId": "41822",
                "ModelIdNum": 41822,
                "Description": "XXX"
            },
            {
                "ModelId": "09002",
                "ModelIdNum": 9002,
                "Description": "DOR"
            },
            {
                "ModelId": "09004",
                "ModelIdNum": 9004,
                "Description": "DOR"
            },
            {
                "ModelId": "55001",
                "ModelIdNum": 55001,
                "Description": "DOR"
            }
        ],
        "ObjectRootList": [
            {
                "RdbObjects": [
                    {
                        "Position": 13270,
                        "Index": 0,
                        "XPos": 760,
                        "YPos": 0,
                        "ZPos": 1000,
                        "Type": "Model",
                        "Resources": {
                            "ModelResource": {
                                "XRotation": 0,
                                "YRotation": 512,
                                "ZRotation": 0,
                                "ModelIndex": 0,
                                "TriggerFlag_StartingLock": 0,
                                "SoundIndex": 0,
                                "ActionResource": {
                                    "Position": 0,
                                    "Axis": 0,
                                    "Duration": 0,
                                    "Magnitude": 0,
                                    "NextObjectOffset": 0,
                                    "PreviousObjectOffset": -1,
                                    "NextObjectIndex": -1,
                                    "Flags": 0
                                }
                            }
                        }
                    },
                    {
                        "Position": 13222,
                        "Index": 1,
                        "XPos": 872,
                        "YPos": 0,
                        "ZPos": 640,
                        "Type": "Model",
                        "Resources": {
                            "ModelResource": {
                                "XRotation": 0,
                                "YRotation": 0,
                                "ZRotation": 0,
                                "ModelIndex": 0,
                                "TriggerFlag_StartingLock": 0,
                                "SoundIndex": 0,
                                "ActionResource": {
                                    "Position": 0,
                                    "Axis": 0,
                                    "Duration": 0,
                                    "Magnitude": 0,
                                    "NextObjectOffset": 0,
                                    "PreviousObjectOffset": -1,
                                    "NextObjectIndex": -1,
                                    "Flags": 0
                                }
                            }
                        }
                    },
                    {
                        "Position": 12649,
                        "Index": 2,
                        "XPos": 864,
                        "YPos": -32,
                        "ZPos": 208,
                        "Type": "Flat",
                        "Resources": {
                            "FlatResource": {
                                "Position": 12674,
                                "TextureArchive": 199,
                                "TextureRecord": 15,
                                "Flags": 1,
                                "Magnitude": 0,
                                "SoundIndex": 3,
                                "FactionOrMobileId": 768,
                                "NextObjectOffset": 0,
                                "Action": 0
                            }
                        }
                    },
                    {
                        "Position": 12083,
                        "Index": 3,
                        "XPos": 976,
                        "YPos": -17,
                        "ZPos": 318,
                        "Type": "Flat",
                        "Resources": {
                            "FlatResource": {
                                "Position": 12108,
                                "TextureArchive": 210,
                                "TextureRecord": 2,
                                "Flags": 0,
                                "Magnitude": 0,
                                "SoundIndex": 0,
                                "FactionOrMobileId": 0,
                                "NextObjectOffset": -2,
                                "Action": 0
                            }
                        }
                    },
                    {
                        "Position": 11975,
                        "Index": 4,
                        "XPos": 952,
                        "YPos": -17,
                        "ZPos": 352,
                        "Type": "Flat",
                        "Resources": {
                            "FlatResource": {
                                "Position": 12000,
                                "TextureArchive": 210,
                                "TextureRecord": 2,
                                "Flags": 0,
                                "Magnitude": 0,
                                "SoundIndex": 0,
                                "FactionOrMobileId": 0,
                                "NextObjectOffset": -2,
                                "Action": 0
                            }
                        }
                    },
                    {
                        "Position": 11939,
                        "Index": 5,
                        "XPos": 944,
                        "YPos": -17,
                        "ZPos": 400,
                        "Type": "Flat",
                        "Resources": {
                            "FlatResource": {
                                "Position": 11964,
                                "TextureArchive": 210,
                                "TextureRecord": 2,
                                "Flags": 0,
                                "Magnitude": 0,
                                "SoundIndex": 0,
                                "FactionOrMobileId": 0,
                                "NextObjectOffset": -2,
                                "Action": 0
                            }
                        }
                    },
                    {
                        "Position": 11759,
                        "Index": 6,
                        "XPos": 976,
                        "YPos": -17,
                        "ZPos": 448,
                        "Type": "Flat",
                        "Resources": {
                            "FlatResource": {
                                "Position": 11784,
                                "TextureArchive": 210,
                                "TextureRecord": 2,
                                "Flags": 0,
                                "Magnitude": 0,
                                "SoundIndex": 0,
                                "FactionOrMobileId": 0,
                                "NextObjectOffset": 0,
                                "Action": 0
                            }
                        }
                    },
                    {
                        "Position": 11165,
                        "Index": 7,
                        "XPos": 581,
                        "YPos": -51,
                        "ZPos": 964,
                        "Type": "Flat",
                        "Resources": {
                            "FlatResource": {
                                "Position": 11190,
                                "TextureArchive": 210,
                                "TextureRecord": 19,
                                "Flags": 0,
                                "Magnitude": 0,
                                "SoundIndex": 0,
                                "FactionOrMobileId": 0,
                                "NextObjectOffset": 0,
                                "Action": 0
                            }
                        }
                    },
                    {
                        "Position": 11059,
                        "Index": 8,
                        "XPos": 896,
                        "YPos": -64,
                        "ZPos": 672,
                        "Type": "Light",
                        "Resources": {
                            "LightResource": {
                                "Unknown1": 25,
                                "Unknown2": 0,
                                "Radius": 65
                            }
                        }
                    },
                    {
                        "Position": 11023,
                        "Index": 9,
                        "XPos": 857,
                        "YPos": -45,
                        "ZPos": 694,
                        "Type": "Flat",
                        "Resources": {
                            "FlatResource": {
                                "Position": 11048,
                                "TextureArchive": 210,
                                "TextureRecord": 20,
                                "Flags": 0,
                                "Magnitude": 0,
                                "SoundIndex": 0,
                                "FactionOrMobileId": 0,
                                "NextObjectOffset": -2,
                                "Action": 0
                            }
                        }
                    },
                    {
                        "Position": 10987,
                        "Index": 10,
                        "XPos": 933,
                        "YPos": -44,
                        "ZPos": 695,
                        "Type": "Flat",
                        "Resources": {
                            "FlatResource": {
                                "Position": 11012,
                                "TextureArchive": 210,
                                "TextureRecord": 20,
                                "Flags": 0,
                                "Magnitude": 0,
                                "SoundIndex": 0,
                                "FactionOrMobileId": 0,
                                "NextObjectOffset": 0,
                                "Action": 0
                            }
                        }
                    },
                    {
                        "Position": 10724,
                        "Index": 11,
                        "XPos": 704,
                        "YPos": 0,
                        "ZPos": 960,
                        "Type": "Model",
                        "Resources": {
                            "ModelResource": {
                                "XRotation": 0,
                                "YRotation": -512,
                                "ZRotation": 0,
                                "ModelIndex": 9,
                                "TriggerFlag_StartingLock": 0,
                                "SoundIndex": 0,
                                "ActionResource": {
                                    "Position": 0,
                                    "Axis": 0,
                                    "Duration": 0,
                                    "Magnitude": 0,
                                    "NextObjectOffset": 0,
                                    "PreviousObjectOffset": -1,
                                    "NextObjectIndex": -1,
                                    "Flags": 0
                                }
                            }
                        }
                    },
                    {
                        "Position": 10463,
                        "Index": 12,
                        "XPos": 896,
                        "YPos": 0,
                        "ZPos": 768,
                        "Type": "Model",
                        "Resources": {
                            "ModelResource": {
                                "XRotation": 0,
                                "YRotation": 0,
                                "ZRotation": 0,
                                "ModelIndex": 2,
                                "TriggerFlag_StartingLock": 0,
                                "SoundIndex": 0,
                                "ActionResource": {
                                    "Position": 0,
                                    "Axis": 0,
                                    "Duration": 0,
                                    "Magnitude": 0,
                                    "NextObjectOffset": 0,
                                    "PreviousObjectOffset": -1,
                                    "NextObjectIndex": -1,
                                    "Flags": 0
                                }
                            }
                        }
                    }
                ]
            },
            {
                "RdbObjects": [
                    {
                        "Position": 12119,
                        "Index": 0,
                        "XPos": 1024,
                        "YPos": -40,
                        "ZPos": 424,
                        "Type": "Light",
                        "Resources": {
                            "LightResource": {
                                "Unknown1": 68,
                                "Unknown2": 0,
                                "Radius": 80
                            }
                        }
                    },
                    {
                        "Position": 12721,
                        "Index": 1,
                        "XPos": 1088,
                        "YPos": -32,
                        "ZPos": 176,
                        "Type": "Flat",
                        "Resources": {
                            "FlatResource": {
                                "Position": 12746,
                                "TextureArchive": 199,
                                "TextureRecord": 20,
                                "Flags": 0,
                                "Magnitude": 0,
                                "SoundIndex": 0,
                                "FactionOrMobileId": 0,
                                "NextObjectOffset": 0,
                                "Action": 0
                            }
                        }
                    },
                    {
                        "Position": 12685,
                        "Index": 2,
                        "XPos": 1136,
                        "YPos": -32,
                        "ZPos": 240,
                        "Type": "Flat",
                        "Resources": {
                            "FlatResource": {
                                "Position": 12710,
                                "TextureArchive": 199,
                                "TextureRecord": 15,
                                "Flags": 1,
                                "Magnitude": 0,
                                "SoundIndex": 3,
                                "FactionOrMobileId": 768,
                                "NextObjectOffset": -2,
                                "Action": 0
                            }
                        }
                    },
                    {
                        "Position": 12613,
                        "Index": 3,
                        "XPos": 1984,
                        "YPos": -32,
                        "ZPos": 432,
                        "Type": "Flat",
                        "Resources": {
                            "FlatResource": {
                                "Position": 12638,
                                "TextureArchive": 199,
                                "TextureRecord": 19,
                                "Flags": 0,
                                "Magnitude": 0,
                                "SoundIndex": 0,
                                "FactionOrMobileId": 0,
                                "NextObjectOffset": -2,
                                "Action": 0
                            }
                        }
                    },
                    {
                        "Position": 12577,
                        "Index": 4,
                        "XPos": 2016,
                        "YPos": -32,
                        "ZPos": 592,
                        "Type": "Flat",
                        "Resources": {
                            "FlatResource": {
                                "Position": 12602,
                                "TextureArchive": 199,
                                "TextureRecord": 19,
                                "Flags": 0,
                                "Magnitude": 0,
                                "SoundIndex": 0,
                                "FactionOrMobileId": 0,
                                "NextObjectOffset": 0,
                                "Action": 0
                            }
                        }
                    },
                    {
                        "Position": 12506,
                        "Index": 5,
                        "XPos": 1920,
                        "YPos": -19,
                        "ZPos": 415,
                        "Type": "Model",
                        "Resources": {
                            "ModelResource": {
                                "XRotation": 0,
                                "YRotation": 0,
                                "ZRotation": 0,
                                "ModelIndex": 16,
                                "TriggerFlag_StartingLock": 0,
                                "SoundIndex": 0,
                                "ActionResource": {
                                    "Position": 0,
                                    "Axis": 0,
                                    "Duration": 0,
                                    "Magnitude": 0,
                                    "NextObjectOffset": 0,
                                    "PreviousObjectOffset": -1,
                                    "NextObjectIndex": -1,
                                    "Flags": 0
                                }
                            }
                        }
                    },
                    {
                        "Position": 12435,
                        "Index": 6,
                        "XPos": 1923,
                        "YPos": -45,
                        "ZPos": 586,
                        "Type": "Model",
                        "Resources": {
                            "ModelResource": {
                                "XRotation": 0,
                                "YRotation": 0,
                                "ZRotation": 0,
                                "ModelIndex": 15,
                                "TriggerFlag_StartingLock": 0,
                                "SoundIndex": 0,
                                "ActionResource": {
                                    "Position": 0,
                                    "Axis": 0,
                                    "Duration": 0,
                                    "Magnitude": 0,
                                    "NextObjectOffset": 0,
                                    "PreviousObjectOffset": -1,
                                    "NextObjectIndex": -1,
                                    "Flags": 0
                                }
                            }
                        }
                    },
                    {
                        "Position": 12399,
                        "Index": 7,
                        "XPos": 2029,
                        "YPos": -99,
                        "ZPos": 513,
                        "Type": "Flat",
                        "Resources": {
                            "FlatResource": {
                                "Position": 12424,
                                "TextureArchive": 210,
                                "TextureRecord": 16,
                                "Flags": 0,
                                "Magnitude": 0,
                                "SoundIndex": 0,
                                "FactionOrMobileId": 0,
                                "NextObjectOffset": 0,
                                "Action": 0
                            }
                        }
                    },
                    {
                        "Position": 12364,
                        "Index": 8,
                        "XPos": 2016,
                        "YPos": -104,
                        "ZPos": 512,
                        "Type": "Light",
                        "Resources": {
                            "LightResource": {
                                "Unknown1": 25,
                                "Unknown2": 0,
                                "Radius": 40
                            }
                        }
                    },
                    {
                        "Position": 12293,
                        "Index": 9,
                        "XPos": 1791,
                        "YPos": -1,
                        "ZPos": 488,
                        "Type": "Model",
                        "Resources": {
                            "ModelResource": {
                                "XRotation": 0,
                                "YRotation": 512,
                                "ZRotation": 0,
                                "ModelIndex": 14,
                                "TriggerFlag_StartingLock": 0,
                                "SoundIndex": 0,
                                "ActionResource": {
                                    "Position": 0,
                                    "Axis": 0,
                                    "Duration": 0,
                                    "Magnitude": 0,
                                    "NextObjectOffset": 0,
                                    "PreviousObjectOffset": -1,
                                    "NextObjectIndex": -1,
                                    "Flags": 0
                                }
                            }
                        }
                    },
                    {
                        "Position": 12258,
                        "Index": 10,
                        "XPos": 1552,
                        "YPos": -96,
                        "ZPos": 512,
                        "Type": "Light",
                        "Resources": {
                            "LightResource": {
                                "Unknown1": 40,
                                "Unknown2": 0,
                                "Radius": 60
                            }
                        }
                    },
                    {
                        "Position": 12222,
                        "Index": 11,
                        "XPos": 1540,
                        "YPos": -108,
                        "ZPos": 512,
                        "Type": "Flat",
                        "Resources": {
                            "FlatResource": {
                                "Position": 12247,
                                "TextureArchive": 210,
                                "TextureRecord": 27,
                                "Flags": 0,
                                "Magnitude": 0,
                                "SoundIndex": 0,
                                "FactionOrMobileId": 0,
                                "NextObjectOffset": 0,
                                "Action": 0
                            }
                        }
                    },
                    {
                        "Position": 12154,
                        "Index": 12,
                        "XPos": 1271,
                        "YPos": 0,
                        "ZPos": 488,
                        "Type": "Model",
                        "Resources": {
                            "ModelResource": {
                                "XRotation": 0,
                                "YRotation": -1536,
                                "ZRotation": 0,
                                "ModelIndex": 12,
                                "TriggerFlag_StartingLock": 64,
                                "SoundIndex": 70,
                                "ActionResource": {
                                    "Position": 12202,
                                    "Axis": 0,
                                    "Duration": 0,
                                    "Magnitude": 0,
                                    "NextObjectOffset": -2,
                                    "PreviousObjectOffset": 11688,
                                    "NextObjectIndex": -1,
                                    "Flags": 18
                                }
                            }
                        }
                    },
                    {
                        "Position": 12047,
                        "Index": 13,
                        "XPos": 1024,
                        "YPos": -17,
                        "ZPos": 316,
                        "Type": "Flat",
                        "Resources": {
                            "FlatResource": {
                                "Position": 12072,
                                "TextureArchive": 210,
                                "TextureRecord": 2,
                                "Flags": 0,
                                "Magnitude": 0,
                                "SoundIndex": 0,
                                "FactionOrMobileId": 0,
                                "NextObjectOffset": -2,
                                "Action": 0
                            }
                        }
                    },
                    {
                        "Position": 12011,
                        "Index": 14,
                        "XPos": 1072,
                        "YPos": -17,
                        "ZPos": 321,
                        "Type": "Flat",
                        "Resources": {
                            "FlatResource": {
                                "Position": 12036,
                                "TextureArchive": 210,
                                "TextureRecord": 2,
                                "Flags": 0,
                                "Magnitude": 0,
                                "SoundIndex": 0,
                                "FactionOrMobileId": 0,
                                "NextObjectOffset": -2,
                                "Action": 0
                            }
                        }
                    },
                    {
                        "Position": 11903,
                        "Index": 15,
                        "XPos": 1099,
                        "YPos": -17,
                        "ZPos": 352,
                        "Type": "Flat",
                        "Resources": {
                            "FlatResource": {
                                "Position": 11928,
                                "TextureArchive": 210,
                                "TextureRecord": 2,
                                "Flags": 0,
                                "Magnitude": 0,
                                "SoundIndex": 0,
                                "FactionOrMobileId": 0,
                                "NextObjectOffset": -2,
                                "Action": 0
                            }
                        }
                    },
                    {
                        "Position": 11867,
                        "Index": 16,
                        "XPos": 1120,
                        "YPos": -17,
                        "ZPos": 400,
                        "Type": "Flat",
                        "Resources": {
                            "FlatResource": {
                                "Position": 11892,
                                "TextureArchive": 210,
                                "TextureRecord": 2,
                                "Flags": 0,
                                "Magnitude": 0,
                                "SoundIndex": 0,
                                "FactionOrMobileId": 0,
                                "NextObjectOffset": -2,
                                "Action": 0
                            }
                        }
                    },
                    {
                        "Position": 11831,
                        "Index": 17,
                        "XPos": 1072,
                        "YPos": -17,
                        "ZPos": 448,
                        "Type": "Flat",
                        "Resources": {
                            "FlatResource": {
                                "Position": 11856,
                                "TextureArchive": 210,
                                "TextureRecord": 2,
                                "Flags": 0,
                                "Magnitude": 0,
                                "SoundIndex": 0,
                                "FactionOrMobileId": 0,
                                "NextObjectOffset": -2,
                                "Action": 0
                            }
                        }
                    },
                    {
                        "Position": 11795,
                        "Index": 18,
                        "XPos": 1024,
                        "YPos": -17,
                        "ZPos": 448,
                        "Type": "Flat",
                        "Resources": {
                            "FlatResource": {
                                "Position": 11820,
                                "TextureArchive": 210,
                                "TextureRecord": 2,
                                "Flags": 0,
                                "Magnitude": 0,
                                "SoundIndex": 0,
                                "FactionOrMobileId": 0,
                                "NextObjectOffset": -2,
                                "Action": 0
                            }
                        }
                    },
                    {
                        "Position": 11688,
                        "Index": 19,
                        "XPos": 1024,
                        "YPos": -18,
                        "ZPos": 383,
                        "Type": "Model",
                        "Resources": {
                            "ModelResource": {
                                "XRotation": 0,
                                "YRotation": -512,
                                "ZRotation": 0,
                                "ModelIndex": 13,
                                "TriggerFlag_StartingLock": 8,
                                "SoundIndex": 21,
                                "ActionResource": {
                                    "Position": 12212,
                                    "Axis": 0,
                                    "Duration": 0,
                                    "Magnitude": 0,
                                    "NextObjectOffset": 12154,
                                    "PreviousObjectOffset": -1,
                                    "NextObjectIndex": 12,
                                    "Flags": 30
                                }
                            }
                        }
                    },
                    {
                        "Position": 10916,
                        "Index": 20,
                        "XPos": 1440,
                        "YPos": -320,
                        "ZPos": 992,
                        "Type": "Light",
                        "Resources": {
                            "LightResource": {
                                "Unknown1": 25,
                                "Unknown2": 0,
                                "Radius": 60
                            }
                        }
                    },
                    {
                        "Position": 10951,
                        "Index": 21,
                        "XPos": 1459,
                        "YPos": -301,
                        "ZPos": 991,
                        "Type": "Flat",
                        "Resources": {
                            "FlatResource": {
                                "Position": 10976,
                                "TextureArchive": 210,
                                "TextureRecord": 20,
                                "Flags": 0,
                                "Magnitude": 0,
                                "SoundIndex": 0,
                                "FactionOrMobileId": 0,
                                "NextObjectOffset": 0,
                                "Action": 0
                            }
                        }
                    },
                    {
                        "Position": 10868,
                        "Index": 22,
                        "XPos": 1856,
                        "YPos": 0,
                        "ZPos": 576,
                        "Type": "Model",
                        "Resources": {
                            "ModelResource": {
                                "XRotation": 0,
                                "YRotation": -1536,
                                "ZRotation": 0,
                                "ModelIndex": 9,
                                "TriggerFlag_StartingLock": 0,
                                "SoundIndex": 0,
                                "ActionResource": {
                                    "Position": 0,
                                    "Axis": 0,
                                    "Duration": 0,
                                    "Magnitude": 0,
                                    "NextObjectOffset": 0,
                                    "PreviousObjectOffset": -1,
                                    "NextObjectIndex": -1,
                                    "Flags": 0
                                }
                            }
                        }
                    },
                    {
                        "Position": 10820,
                        "Index": 23,
                        "XPos": 1664,
                        "YPos": 0,
                        "ZPos": 512,
                        "Type": "Model",
                        "Resources": {
                            "ModelResource": {
                                "XRotation": 0,
                                "YRotation": -3584,
                                "ZRotation": 0,
                                "ModelIndex": 2,
                                "TriggerFlag_StartingLock": 0,
                                "SoundIndex": 0,
                                "ActionResource": {
                                    "Position": 0,
                                    "Axis": 0,
                                    "Duration": 0,
                                    "Magnitude": 0,
                                    "NextObjectOffset": 0,
                                    "PreviousObjectOffset": -1,
                                    "NextObjectIndex": -1,
                                    "Flags": 0
                                }
                            }
                        }
                    },
                    {
                        "Position": 10772,
                        "Index": 24,
                        "XPos": 1408,
                        "YPos": 0,
                        "ZPos": 512,
                        "Type": "Model",
                        "Resources": {
                            "ModelResource": {
                                "XRotation": 0,
                                "YRotation": -2560,
                                "ZRotation": 0,
                                "ModelIndex": 2,
                                "TriggerFlag_StartingLock": 0,
                                "SoundIndex": 0,
                                "ActionResource": {
                                    "Position": 0,
                                    "Axis": 0,
                                    "Duration": 0,
                                    "Magnitude": 0,
                                    "NextObjectOffset": 0,
                                    "PreviousObjectOffset": -1,
                                    "NextObjectIndex": -1,
                                    "Flags": 0
                                }
                            }
                        }
                    },
                    {
                        "Position": 10511,
                        "Index": 25,
                        "XPos": 1024,
                        "YPos": 0,
                        "ZPos": 384,
                        "Type": "Model",
                        "Resources": {
                            "ModelResource": {
                                "XRotation": 0,
                                "YRotation": -3584,
                                "ZRotation": 0,
                                "ModelIndex": 7,
                                "TriggerFlag_StartingLock": 0,
                                "SoundIndex": 0,
                                "ActionResource": {
                                    "Position": 0,
                                    "Axis": 0,
                                    "Duration": 0,
                                    "Magnitude": 0,
                                    "NextObjectOffset": 0,
                                    "PreviousObjectOffset": -1,
                                    "NextObjectIndex": -1,
                                    "Flags": 0
                                }
                            }
                        }
                    }
                ]
            },
            {
                "RdbObjects": null
            },
            {
                "RdbObjects": null
            },
            {
                "RdbObjects": [
                    {
                        "Position": 13366,
                        "Index": 0,
                        "XPos": 966,
                        "YPos": -46,
                        "ZPos": 1862,
                        "Type": "Flat",
                        "Resources": {
                            "FlatResource": {
                                "Position": 13391,
                                "TextureArchive": 199,
                                "TextureRecord": 8,
                                "Flags": 0,
                                "Magnitude": 0,
                                "SoundIndex": 0,
                                "FactionOrMobileId": 0,
                                "NextObjectOffset": 0,
                                "Action": 0
                            }
                        }
                    },
                    {
                        "Position": 13318,
                        "Index": 1,
                        "XPos": 872,
                        "YPos": 0,
                        "ZPos": 1670,
                        "Type": "Model",
                        "Resources": {
                            "ModelResource": {
                                "XRotation": 0,
                                "YRotation": 0,
                                "ZRotation": 0,
                                "ModelIndex": 0,
                                "TriggerFlag_StartingLock": 0,
                                "SoundIndex": 0,
                                "ActionResource": {
                                    "Position": 0,
                                    "Axis": 0,
                                    "Duration": 0,
                                    "Magnitude": 0,
                                    "NextObjectOffset": 0,
                                    "PreviousObjectOffset": -1,
                                    "NextObjectIndex": -1,
                                    "Flags": 0
                                }
                            }
                        }
                    },
                    {
                        "Position": 12829,
                        "Index": 2,
                        "XPos": 860,
                        "YPos": -32,
                        "ZPos": 1836,
                        "Type": "Flat",
                        "Resources": {
                            "FlatResource": {
                                "Position": 12854,
                                "TextureArchive": 199,
                                "TextureRecord": 20,
                                "Flags": 0,
                                "Magnitude": 0,
                                "SoundIndex": 0,
                                "FactionOrMobileId": 0,
                                "NextObjectOffset": 0,
                                "Action": 0
                            }
                        }
                    },
                    {
                        "Position": 12793,
                        "Index": 3,
                        "XPos": 960,
                        "YPos": -32,
                        "ZPos": 1745,
                        "Type": "Flat",
                        "Resources": {
                            "FlatResource": {
                                "Position": 12818,
                                "TextureArchive": 199,
                                "TextureRecord": 19,
                                "Flags": 0,
                                "Magnitude": 0,
                                "SoundIndex": 0,
                                "FactionOrMobileId": 0,
                                "NextObjectOffset": 0,
                                "Action": 0
                            }
                        }
                    },
                    {
                        "Position": 12757,
                        "Index": 4,
                        "XPos": 576,
                        "YPos": -32,
                        "ZPos": 1024,
                        "Type": "Flat",
                        "Resources": {
                            "FlatResource": {
                                "Position": 12782,
                                "TextureArchive": 199,
                                "TextureRecord": 19,
                                "Flags": 0,
                                "Magnitude": 0,
                                "SoundIndex": 0,
                                "FactionOrMobileId": 0,
                                "NextObjectOffset": 0,
                                "Action": 0
                            }
                        }
                    },
                    {
                        "Position": 11582,
                        "Index": 5,
                        "XPos": 896,
                        "YPos": -96,
                        "ZPos": 1888,
                        "Type": "Light",
                        "Resources": {
                            "LightResource": {
                                "Unknown1": 25,
                                "Unknown2": 0,
                                "Radius": 80
                            }
                        }
                    },
                    {
                        "Position": 11511,
                        "Index": 6,
                        "XPos": 896,
                        "YPos": -10,
                        "ZPos": 1856,
                        "Type": "Model",
                        "Resources": {
                            "ModelResource": {
                                "XRotation": 0,
                                "YRotation": 0,
                                "ZRotation": 0,
                                "ModelIndex": 11,
                                "TriggerFlag_StartingLock": 0,
                                "SoundIndex": 0,
                                "ActionResource": {
                                    "Position": 0,
                                    "Axis": 0,
                                    "Duration": 0,
                                    "Magnitude": 0,
                                    "NextObjectOffset": 0,
                                    "PreviousObjectOffset": -1,
                                    "NextObjectIndex": -1,
                                    "Flags": 0
                                }
                            }
                        }
                    },
                    {
                        "Position": 11463,
                        "Index": 7,
                        "XPos": 817,
                        "YPos": -10,
                        "ZPos": 1840,
                        "Type": "Model",
                        "Resources": {
                            "ModelResource": {
                                "XRotation": 0,
                                "YRotation": 0,
                                "ZRotation": 0,
                                "ModelIndex": 10,
                                "TriggerFlag_StartingLock": 0,
                                "SoundIndex": 0,
                                "ActionResource": {
                                    "Position": 0,
                                    "Axis": 0,
                                    "Duration": 0,
                                    "Magnitude": 0,
                                    "NextObjectOffset": 0,
                                    "PreviousObjectOffset": -1,
                                    "NextObjectIndex": -1,
                                    "Flags": 0
                                }
                            }
                        }
                    },
                    {
                        "Position": 11392,
                        "Index": 8,
                        "XPos": 976,
                        "YPos": -10,
                        "ZPos": 1840,
                        "Type": "Model",
                        "Resources": {
                            "ModelResource": {
                                "XRotation": 0,
                                "YRotation": 0,
                                "ZRotation": 0,
                                "ModelIndex": 10,
                                "TriggerFlag_StartingLock": 0,
                                "SoundIndex": 0,
                                "ActionResource": {
                                    "Position": 0,
                                    "Axis": 0,
                                    "Duration": 0,
                                    "Magnitude": 0,
                                    "NextObjectOffset": 0,
                                    "PreviousObjectOffset": -1,
                                    "NextObjectIndex": -1,
                                    "Flags": 0
                                }
                            }
                        }
                    },
                    {
                        "Position": 11356,
                        "Index": 9,
                        "XPos": 864,
                        "YPos": -96,
                        "ZPos": 1904,
                        "Type": "Flat",
                        "Resources": {
                            "FlatResource": {
                                "Position": 11381,
                                "TextureArchive": 210,
                                "TextureRecord": 17,
                                "Flags": 0,
                                "Magnitude": 0,
                                "SoundIndex": 0,
                                "FactionOrMobileId": 0,
                                "NextObjectOffset": -2,
                                "Action": 0
                            }
                        }
                    },
                    {
                        "Position": 11320,
                        "Index": 10,
                        "XPos": 928,
                        "YPos": -96,
                        "ZPos": 1904,
                        "Type": "Flat",
                        "Resources": {
                            "FlatResource": {
                                "Position": 11345,
                                "TextureArchive": 210,
                                "TextureRecord": 17,
                                "Flags": 0,
                                "Magnitude": 0,
                                "SoundIndex": 0,
                                "FactionOrMobileId": 0,
                                "NextObjectOffset": 0,
                                "Action": 0
                            }
                        }
                    },
                    {
                        "Position": 11285,
                        "Index": 11,
                        "XPos": 552,
                        "YPos": -64,
                        "ZPos": 1024,
                        "Type": "Light",
                        "Resources": {
                            "LightResource": {
                                "Unknown1": 17,
                                "Unknown2": 0,
                                "Radius": 100
                            }
                        }
                    },
                    {
                        "Position": 11249,
                        "Index": 12,
                        "XPos": 584,
                        "YPos": -50,
                        "ZPos": 1084,
                        "Type": "Flat",
                        "Resources": {
                            "FlatResource": {
                                "Position": 11274,
                                "TextureArchive": 210,
                                "TextureRecord": 19,
                                "Flags": 0,
                                "Magnitude": 0,
                                "SoundIndex": 0,
                                "FactionOrMobileId": 0,
                                "NextObjectOffset": -2,
                                "Action": 0
                            }
                        }
                    },
                    {
                        "Position": 11201,
                        "Index": 13,
                        "XPos": 662,
                        "YPos": -25,
                        "ZPos": 1024,
                        "Type": "Model",
                        "Resources": {
                            "ModelResource": {
                                "XRotation": 0,
                                "YRotation": -512,
                                "ZRotation": 0,
                                "ModelIndex": 8,
                                "TriggerFlag_StartingLock": 0,
                                "SoundIndex": 0,
                                "ActionResource": {
                                    "Position": 0,
                                    "Axis": 0,
                                    "Duration": 0,
                                    "Magnitude": 0,
                                    "NextObjectOffset": 0,
                                    "PreviousObjectOffset": -1,
                                    "NextObjectIndex": -1,
                                    "Flags": 0
                                }
                            }
                        }
                    },
                    {
                        "Position": 11130,
                        "Index": 14,
                        "XPos": 928,
                        "YPos": -80,
                        "ZPos": 1624,
                        "Type": "Light",
                        "Resources": {
                            "LightResource": {
                                "Unknown1": 25,
                                "Unknown2": 0,
                                "Radius": 40
                            }
                        }
                    },
                    {
                        "Position": 11094,
                        "Index": 15,
                        "XPos": 936,
                        "YPos": -80,
                        "ZPos": 1608,
                        "Type": "Flat",
                        "Resources": {
                            "FlatResource": {
                                "Position": 11119,
                                "TextureArchive": 210,
                                "TextureRecord": 16,
                                "Flags": 0,
                                "Magnitude": 0,
                                "SoundIndex": 0,
                                "FactionOrMobileId": 0,
                                "NextObjectOffset": 0,
                                "Action": 0
                            }
                        }
                    },
                    {
                        "Position": 10653,
                        "Index": 16,
                        "XPos": 832,
                        "YPos": 0,
                        "ZPos": 1728,
                        "Type": "Model",
                        "Resources": {
                            "ModelResource": {
                                "XRotation": 0,
                                "YRotation": -3072,
                                "ZRotation": 0,
                                "ModelIndex": 9,
                                "TriggerFlag_StartingLock": 0,
                                "SoundIndex": 0,
                                "ActionResource": {
                                    "Position": 0,
                                    "Axis": 0,
                                    "Duration": 0,
                                    "Magnitude": 0,
                                    "NextObjectOffset": 0,
                                    "PreviousObjectOffset": -1,
                                    "NextObjectIndex": -1,
                                    "Flags": 0
                                }
                            }
                        }
                    },
                    {
                        "Position": 10415,
                        "Index": 17,
                        "XPos": 896,
                        "YPos": 0,
                        "ZPos": 1536,
                        "Type": "Model",
                        "Resources": {
                            "ModelResource": {
                                "XRotation": 0,
                                "YRotation": -1024,
                                "ZRotation": 0,
                                "ModelIndex": 2,
                                "TriggerFlag_StartingLock": 0,
                                "SoundIndex": 0,
                                "ActionResource": {
                                    "Position": 0,
                                    "Axis": 0,
                                    "Duration": 0,
                                    "Magnitude": 0,
                                    "NextObjectOffset": 0,
                                    "PreviousObjectOffset": -1,
                                    "NextObjectIndex": -1,
                                    "Flags": 0
                                }
                            }
                        }
                    },
                    {
                        "Position": 10344,
                        "Index": 18,
                        "XPos": 896,
                        "YPos": 0,
                        "ZPos": 1280,
                        "Type": "Model",
                        "Resources": {
                            "ModelResource": {
                                "XRotation": 0,
                                "YRotation": 0,
                                "ZRotation": 0,
                                "ModelIndex": 6,
                                "TriggerFlag_StartingLock": 0,
                                "SoundIndex": 0,
                                "ActionResource": {
                                    "Position": 0,
                                    "Axis": 0,
                                    "Duration": 0,
                                    "Magnitude": 0,
                                    "NextObjectOffset": 0,
                                    "PreviousObjectOffset": -1,
                                    "NextObjectIndex": -1,
                                    "Flags": 0
                                }
                            }
                        }
                    },
                    {
                        "Position": 10273,
                        "Index": 19,
                        "XPos": 896,
                        "YPos": 0,
                        "ZPos": 1024,
                        "Type": "Model",
                        "Resources": {
                            "ModelResource": {
                                "XRotation": 0,
                                "YRotation": 0,
                                "ZRotation": 0,
                                "ModelIndex": 5,
                                "TriggerFlag_StartingLock": 0,
                                "SoundIndex": 0,
                                "ActionResource": {
                                    "Position": 0,
                                    "Axis": 0,
                                    "Duration": 0,
                                    "Magnitude": 0,
                                    "NextObjectOffset": 0,
                                    "PreviousObjectOffset": -1,
                                    "NextObjectIndex": -1,
                                    "Flags": 0
                                }
                            }
                        }
                    }
                ]
            },
            {
                "RdbObjects": [
                    {
                        "Position": 13151,
                        "Index": 0,
                        "XPos": 1384,
                        "YPos": -512,
                        "ZPos": 1672,
                        "Type": "Model",
                        "Resources": {
                            "ModelResource": {
                                "XRotation": 0,
                                "YRotation": 0,
                                "ZRotation": 0,
                                "ModelIndex": 19,
                                "TriggerFlag_StartingLock": 0,
                                "SoundIndex": 0,
                                "ActionResource": {
                                    "Position": 0,
                                    "Axis": 0,
                                    "Duration": 0,
                                    "Magnitude": 0,
                                    "NextObjectOffset": 0,
                                    "PreviousObjectOffset": -1,
                                    "NextObjectIndex": -1,
                                    "Flags": 0
                                }
                            }
                        }
                    },
                    {
                        "Position": 10225,
                        "Index": 1,
                        "XPos": 1152,
                        "YPos": 0,
                        "ZPos": 1024,
                        "Type": "Model",
                        "Resources": {
                            "ModelResource": {
                                "XRotation": 0,
                                "YRotation": -512,
                                "ZRotation": 0,
                                "ModelIndex": 3,
                                "TriggerFlag_StartingLock": 0,
                                "SoundIndex": 0,
                                "ActionResource": {
                                    "Position": 0,
                                    "Axis": 0,
                                    "Duration": 0,
                                    "Magnitude": 0,
                                    "NextObjectOffset": 0,
                                    "PreviousObjectOffset": -1,
                                    "NextObjectIndex": -1,
                                    "Flags": 0
                                }
                            }
                        }
                    },
                    {
                        "Position": 10154,
                        "Index": 2,
                        "XPos": 1408,
                        "YPos": -256,
                        "ZPos": 1024,
                        "Type": "Model",
                        "Resources": {
                            "ModelResource": {
                                "XRotation": 0,
                                "YRotation": -1024,
                                "ZRotation": 0,
                                "ModelIndex": 4,
                                "TriggerFlag_StartingLock": 0,
                                "SoundIndex": 0,
                                "ActionResource": {
                                    "Position": 0,
                                    "Axis": 0,
                                    "Duration": 0,
                                    "Magnitude": 0,
                                    "NextObjectOffset": 0,
                                    "PreviousObjectOffset": -1,
                                    "NextObjectIndex": -1,
                                    "Flags": 0
                                }
                            }
                        }
                    },
                    {
                        "Position": 10083,
                        "Index": 3,
                        "XPos": 1408,
                        "YPos": -256,
                        "ZPos": 1280,
                        "Type": "Model",
                        "Resources": {
                            "ModelResource": {
                                "XRotation": 0,
                                "YRotation": 0,
                                "ZRotation": 0,
                                "ModelIndex": 3,
                                "TriggerFlag_StartingLock": 0,
                                "SoundIndex": 0,
                                "ActionResource": {
                                    "Position": 0,
                                    "Axis": 0,
                                    "Duration": 0,
                                    "Magnitude": 0,
                                    "NextObjectOffset": 0,
                                    "PreviousObjectOffset": -1,
                                    "NextObjectIndex": -1,
                                    "Flags": 0
                                }
                            }
                        }
                    },
                    {
                        "Position": 10035,
                        "Index": 4,
                        "XPos": 1408,
                        "YPos": -512,
                        "ZPos": 1536,
                        "Type": "Model",
                        "Resources": {
                            "ModelResource": {
                                "XRotation": 0,
                                "YRotation": -1024,
                                "ZRotation": 0,
                                "ModelIndex": 2,
                                "TriggerFlag_StartingLock": 0,
                                "SoundIndex": 0,
                                "ActionResource": {
                                    "Position": 0,
                                    "Axis": 0,
                                    "Duration": 0,
                                    "Magnitude": 0,
                                    "NextObjectOffset": 0,
                                    "PreviousObjectOffset": -1,
                                    "NextObjectIndex": -1,
                                    "Flags": 0
                                }
                            }
                        }
                    },
                    {
                        "Position": 9999,
                        "Index": 5,
                        "XPos": 1408,
                        "YPos": -544,
                        "ZPos": 2016,
                        "Type": "Flat",
                        "Resources": {
                            "FlatResource": {
                                "Position": 10024,
                                "TextureArchive": 199,
                                "TextureRecord": 10,
                                "Flags": 0,
                                "Magnitude": 0,
                                "SoundIndex": 0,
                                "FactionOrMobileId": 0,
                                "NextObjectOffset": 0,
                                "Action": 0
                            }
                        }
                    },
                    {
                        "Position": 9929,
                        "Index": 6,
                        "XPos": 1408,
                        "YPos": -576,
                        "ZPos": 1728,
                        "Type": "Light",
                        "Resources": {
                            "LightResource": {
                                "Unknown1": 28,
                                "Unknown2": 0,
                                "Radius": 60
                            }
                        }
                    },
                    {
                        "Position": 9893,
                        "Index": 7,
                        "XPos": 1451,
                        "YPos": -561,
                        "ZPos": 1708,
                        "Type": "Flat",
                        "Resources": {
                            "FlatResource": {
                                "Position": 9918,
                                "TextureArchive": 210,
                                "TextureRecord": 6,
                                "Flags": 0,
                                "Magnitude": 0,
                                "SoundIndex": 0,
                                "FactionOrMobileId": 0,
                                "NextObjectOffset": -2,
                                "Action": 0
                            }
                        }
                    },
                    {
                        "Position": 9857,
                        "Index": 8,
                        "XPos": 1365,
                        "YPos": -560,
                        "ZPos": 1706,
                        "Type": "Flat",
                        "Resources": {
                            "FlatResource": {
                                "Position": 9882,
                                "TextureArchive": 210,
                                "TextureRecord": 6,
                                "Flags": 0,
                                "Magnitude": 0,
                                "SoundIndex": 0,
                                "FactionOrMobileId": 0,
                                "NextObjectOffset": 0,
                                "Action": 0
                            }
                        }
                    },
                    {
                        "Position": 9809,
                        "Index": 9,
                        "XPos": 1408,
                        "YPos": -576,
                        "ZPos": 1856,
                        "Type": "Model",
                        "Resources": {
                            "ModelResource": {
                                "XRotation": 0,
                                "YRotation": 0,
                                "ZRotation": 0,
                                "ModelIndex": 1,
                                "TriggerFlag_StartingLock": 0,
                                "SoundIndex": 0,
                                "ActionResource": {
                                    "Position": 0,
                                    "Axis": 0,
                                    "Duration": 0,
                                    "Magnitude": 0,
                                    "NextObjectOffset": 0,
                                    "PreviousObjectOffset": -1,
                                    "NextObjectIndex": -1,
                                    "Flags": 0
                                }
                            }
                        }
                    }
                ]
            },
            {
                "RdbObjects": null
            },
            {
                "RdbObjects": null
            },
            {
                "RdbObjects": null
            },
            {
                "RdbObjects": null
            },
            {
                "RdbObjects": null
            },
            {
                "RdbObjects": null
            },
            {
                "RdbObjects": null
            },
            {
                "RdbObjects": null
            },
            {
                "RdbObjects": null
            },
            {
                "RdbObjects": null
            }
        ]
    },
    "RdiBlock": {
        "Data": null
    }
}