{
    "Position": 28763349,
    "Index": 1061,
    "Name": "S0000006.RDB",
    "Type": "Rdb",
    "RmbBlock": {
        "FldHeader": {
            "NumBlockDataRecords": 0,
            "NumMisc3dObjectRecords": 0,
            "NumMiscFlatObjectRecords": 0,
            "BlockPositions": null,
            "BuildingDataList": null,
            "BlockDataSizes": null,
            "GroundData": {

            },
            "AutoMapData": null,
            "Name": null,
            "OtherNames": null
        },
        "SubRecords": null,
        "Misc3dObjectRecords": null,
        "MiscFlatObjectRecords": null
    },
    "RdbBlock": {
        "ModelReferenceList": [
            {
                "ModelId": "71502",
                "ModelIdNum": 71502,
                "Description": "111"
            },
            {
                "ModelId": "61016",
                "ModelIdNum": 61016,
                "Description": "C0X"
            },
            {
                "ModelId": "70036",
                "ModelIdNum": 70036,
                "Description": "100"
            },
            {
                "ModelId": "71602",
                "ModelIdNum": 71602,
                "Description": "111"
            },
            {
                "ModelId": "61019",
                "ModelIdNum": 61019,
                "Description": "C09"
            },
            {
                "ModelId": "41315",
                "ModelIdNum": 41315,
                "Description": "XXX"
            },
            {
                "ModelId": "71402",
                "ModelIdNum": 71402,
                "Description": "111"
            }
        ],
        "ObjectRootList": [
            {
                "RdbObjects": [
                    {
                        "Position": 13962,
                        "Index": 0,
                        "XPos": 793,
                        "YPos": -538,
                        "ZPos": 471,
                        "Type": "Flat",
                        "Resources": {
                            "FlatResource": {
                                "Position": 13987,
                                "TextureArchive": 210,
                                "TextureRecord": 1,
                                "Flags": 0,
                                "Magnitude": 0,
                                "SoundIndex": 0,
                                "FactionOrMobileId": 0,
                                "NextObjectOffset": 0,
                                "Action": 0
                            }
                        }
                    },
                    {
                        "Position": 13927,
                        "Index": 1,
                        "XPos": 799,
                        "YPos": -529,
                        "ZPos": 479,
                        "Type": "Light",
                        "Resources": {
                            "LightResource": {
                                "Unknown1": 16,
                                "Unknown2": 0,
                                "Radius": 100
                            }
                        }
                    },
                    {
                        "Position": 13760,
                        "Index": 2,
                        "XPos": 896,
                        "YPos": -512,
                        "ZPos": 960,
                        "Type": "Model",
                        "Resources": {
                            "ModelResource": {
                                "XRotation": 0,
                                "YRotation": 0,
                                "ZRotation": 0,
                                "ModelIndex": 0,
                                "TriggerFlag_StartingLock": 0,
                                "SoundIndex": 0,
                                "ActionResource": {
                                    "Position": 0,
                                    "Axis": 0,
                                    "Duration": 0,
                                    "Magnitude": 0,
                                    "NextObjectOffset": 0,
                                    "PreviousObjectOffset": -1,
                                    "NextObjectIndex": -1,
                                    "Flags": 0
                                }
                            }
                        }
                    },
                    {
                        "Position": 13328,
                        "Index": 3,
                        "XPos": 832,
                        "YPos": -576,
                        "ZPos": 640,
                        "Type": "Flat",
                        "Resources": {
                            "FlatResource": {
                                "Position": 13353,
                                "TextureArchive": 199,
                                "TextureRecord": 16,
                                "Flags": 0,
                                "Magnitude": 26,
                                "SoundIndex": 2,
                                "FactionOrMobileId": 538,
                                "NextObjectOffset": -2,
                                "Action": 0
                            }
                        }
                    },
                    {
                        "Position": 13100,
                        "Index": 4,
                        "XPos": 768,
                        "YPos": -512,
                        "ZPos": 448,
                        "Type": "Model",
                        "Resources": {
                            "ModelResource": {
                                "XRotation": 0,
                                "YRotation": -2048,
                                "ZRotation": 0,
                                "ModelIndex": 2,
                                "TriggerFlag_StartingLock": 0,
                                "SoundIndex": 0,
                                "ActionResource": {
                                    "Position": 0,
                                    "Axis": 0,
                                    "Duration": 0,
                                    "Magnitude": 0,
                                    "NextObjectOffset": 0,
                                    "PreviousObjectOffset": -1,
                                    "NextObjectIndex": -1,
                                    "Flags": 0
                                }
                            }
                        }
                    },
                    {
                        "Position": 11735,
                        "Index": 5,
                        "XPos": 896,
                        "YPos": -512,
                        "ZPos": 704,
                        "Type": "Model",
                        "Resources": {
                            "ModelResource": {
                                "XRotation": 0,
                                "YRotation": 0,
                                "ZRotation": 0,
                                "ModelIndex": 3,
                                "TriggerFlag_StartingLock": 0,
                                "SoundIndex": 0,
                                "ActionResource": {
                                    "Position": 0,
                                    "Axis": 0,
                                    "Duration": 0,
                                    "Magnitude": 0,
                                    "NextObjectOffset": 0,
                                    "PreviousObjectOffset": -1,
                                    "NextObjectIndex": -1,
                                    "Flags": 0
                                }
                            }
                        }
                    }
                ]
            },
            {
                "RdbObjects": [
                    {
                        "Position": 13808,
                        "Index": 0,
                        "XPos": 1024,
                        "YPos": -512,
                        "ZPos": 960,
                        "Type": "Model",
                        "Resources": {
                            "ModelResource": {
                                "XRotation": 0,
                                "YRotation": -1536,
                                "ZRotation": 0,
                                "ModelIndex": 6,
                                "TriggerFlag_StartingLock": 0,
                                "SoundIndex": 0,
                                "ActionResource": {
                                    "Position": 0,
                                    "Axis": 0,
                                    "Duration": 0,
                                    "Magnitude": 0,
                                    "NextObjectOffset": 0,
                                    "PreviousObjectOffset": -1,
                                    "NextObjectIndex": -1,
                                    "Flags": 0
                                }
                            }
                        }
                    },
                    {
                        "Position": 13712,
                        "Index": 1,
                        "XPos": 1024,
                        "YPos": -512,
                        "ZPos": 448,
                        "Type": "Model",
                        "Resources": {
                            "ModelResource": {
                                "XRotation": 0,
                                "YRotation": -1024,
                                "ZRotation": 0,
                                "ModelIndex": 6,
                                "TriggerFlag_StartingLock": 0,
                                "SoundIndex": 0,
                                "ActionResource": {
                                    "Position": 0,
                                    "Axis": 0,
                                    "Duration": 0,
                                    "Magnitude": 0,
                                    "NextObjectOffset": 0,
                                    "PreviousObjectOffset": -1,
                                    "NextObjectIndex": -1,
                                    "Flags": 0
                                }
                            }
                        }
                    },
                    {
                        "Position": 13664,
                        "Index": 2,
                        "XPos": 1280,
                        "YPos": -512,
                        "ZPos": 320,
                        "Type": "Model",
                        "Resources": {
                            "ModelResource": {
                                "XRotation": 0,
                                "YRotation": 0,
                                "ZRotation": 0,
                                "ModelIndex": 0,
                                "TriggerFlag_StartingLock": 0,
                                "SoundIndex": 0,
                                "ActionResource": {
                                    "Position": 0,
                                    "Axis": 0,
                                    "Duration": 0,
                                    "Magnitude": 0,
                                    "NextObjectOffset": 0,
                                    "PreviousObjectOffset": -1,
                                    "NextObjectIndex": -1,
                                    "Flags": 0
                                }
                            }
                        }
                    },
                    {
                        "Position": 13628,
                        "Index": 3,
                        "XPos": 1506,
                        "YPos": -544,
                        "ZPos": 80,
                        "Type": "Flat",
                        "Resources": {
                            "FlatResource": {
                                "Position": 13653,
                                "TextureArchive": 199,
                                "TextureRecord": 10,
                                "Flags": 5,
                                "Magnitude": 0,
                                "SoundIndex": 0,
                                "FactionOrMobileId": 0,
                                "NextObjectOffset": 0,
                                "Action": 0
                            }
                        }
                    },
                    {
                        "Position": 13436,
                        "Index": 4,
                        "XPos": 1152,
                        "YPos": -576,
                        "ZPos": 704,
                        "Type": "Flat",
                        "Resources": {
                            "FlatResource": {
                                "Position": 13461,
                                "TextureArchive": 199,
                                "TextureRecord": 16,
                                "Flags": 0,
                                "Magnitude": 18,
                                "SoundIndex": 2,
                                "FactionOrMobileId": 530,
                                "NextObjectOffset": -2,
                                "Action": 0
                            }
                        }
                    },
                    {
                        "Position": 13400,
                        "Index": 5,
                        "XPos": 1664,
                        "YPos": -576,
                        "ZPos": 192,
                        "Type": "Flat",
                        "Resources": {
                            "FlatResource": {
                                "Position": 13425,
                                "TextureArchive": 199,
                                "TextureRecord": 16,
                                "Flags": 0,
                                "Magnitude": 18,
                                "SoundIndex": 2,
                                "FactionOrMobileId": 530,
                                "NextObjectOffset": -2,
                                "Action": 0
                            }
                        }
                    },
                    {
                        "Position": 13364,
                        "Index": 6,
                        "XPos": 1088,
                        "YPos": -576,
                        "ZPos": 896,
                        "Type": "Flat",
                        "Resources": {
                            "FlatResource": {
                                "Position": 13389,
                                "TextureArchive": 199,
                                "TextureRecord": 16,
                                "Flags": 0,
                                "Magnitude": 26,
                                "SoundIndex": 2,
                                "FactionOrMobileId": 538,
                                "NextObjectOffset": -2,
                                "Action": 0
                            }
                        }
                    },
                    {
                        "Position": 13292,
                        "Index": 7,
                        "XPos": 1216,
                        "YPos": -576,
                        "ZPos": 256,
                        "Type": "Flat",
                        "Resources": {
                            "FlatResource": {
                                "Position": 13317,
                                "TextureArchive": 199,
                                "TextureRecord": 16,
                                "Flags": 0,
                                "Magnitude": 26,
                                "SoundIndex": 2,
                                "FactionOrMobileId": 538,
                                "NextObjectOffset": 0,
                                "Action": 0
                            }
                        }
                    },
                    {
                        "Position": 13196,
                        "Index": 8,
                        "XPos": 1280,
                        "YPos": -512,
                        "ZPos": 832,
                        "Type": "Model",
                        "Resources": {
                            "ModelResource": {
                                "XRotation": 0,
                                "YRotation": -3584,
                                "ZRotation": 0,
                                "ModelIndex": 2,
                                "TriggerFlag_StartingLock": 0,
                                "SoundIndex": 0,
                                "ActionResource": {
                                    "Position": 0,
                                    "Axis": 0,
                                    "Duration": 0,
                                    "Magnitude": 0,
                                    "NextObjectOffset": 0,
                                    "PreviousObjectOffset": -1,
                                    "NextObjectIndex": -1,
                                    "Flags": 0
                                }
                            }
                        }
                    },
                    {
                        "Position": 13052,
                        "Index": 9,
                        "XPos": 1152,
                        "YPos": -512,
                        "ZPos": 704,
                        "Type": "Model",
                        "Resources": {
                            "ModelResource": {
                                "XRotation": 0,
                                "YRotation": -1024,
                                "ZRotation": 0,
                                "ModelIndex": 2,
                                "TriggerFlag_StartingLock": 0,
                                "SoundIndex": 0,
                                "ActionResource": {
                                    "Position": 0,
                                    "Axis": 0,
                                    "Duration": 0,
                                    "Magnitude": 0,
                                    "NextObjectOffset": 0,
                                    "PreviousObjectOffset": -1,
                                    "NextObjectIndex": -1,
                                    "Flags": 0
                                }
                            }
                        }
                    },
                    {
                        "Position": 13004,
                        "Index": 10,
                        "XPos": 1152,
                        "YPos": -512,
                        "ZPos": 64,
                        "Type": "Model",
                        "Resources": {
                            "ModelResource": {
                                "XRotation": 0,
                                "YRotation": 0,
                                "ZRotation": 0,
                                "ModelIndex": 2,
                                "TriggerFlag_StartingLock": 0,
                                "SoundIndex": 0,
                                "ActionResource": {
                                    "Position": 0,
                                    "Axis": 0,
                                    "Duration": 0,
                                    "Magnitude": 0,
                                    "NextObjectOffset": 0,
                                    "PreviousObjectOffset": -1,
                                    "NextObjectIndex": -1,
                                    "Flags": 0
                                }
                            }
                        }
                    },
                    {
                        "Position": 11591,
                        "Index": 11,
                        "XPos": 1536,
                        "YPos": -512,
                        "ZPos": 64,
                        "Type": "Model",
                        "Resources": {
                            "ModelResource": {
                                "XRotation": 0,
                                "YRotation": 1536,
                                "ZRotation": 0,
                                "ModelIndex": 3,
                                "TriggerFlag_StartingLock": 0,
                                "SoundIndex": 0,
                                "ActionResource": {
                                    "Position": 0,
                                    "Axis": 0,
                                    "Duration": 0,
                                    "Magnitude": 0,
                                    "NextObjectOffset": 0,
                                    "PreviousObjectOffset": -1,
                                    "NextObjectIndex": -1,
                                    "Flags": 0
                                }
                            }
                        }
                    },
                    {
                        "Position": 11543,
                        "Index": 12,
                        "XPos": 1664,
                        "YPos": -512,
                        "ZPos": 192,
                        "Type": "Model",
                        "Resources": {
                            "ModelResource": {
                                "XRotation": 0,
                                "YRotation": 512,
                                "ZRotation": 0,
                                "ModelIndex": 2,
                                "TriggerFlag_StartingLock": 0,
                                "SoundIndex": 0,
                                "ActionResource": {
                                    "Position": 0,
                                    "Axis": 0,
                                    "Duration": 0,
                                    "Magnitude": 0,
                                    "NextObjectOffset": 0,
                                    "PreviousObjectOffset": -1,
                                    "NextObjectIndex": -1,
                                    "Flags": 0
                                }
                            }
                        }
                    }
                ]
            },
            {
                "RdbObjects": null
            },
            {
                "RdbObjects": null
            },
            {
                "RdbObjects": [
                    {
                        "Position": 13580,
                        "Index": 0,
                        "XPos": 87,
                        "YPos": -330,
                        "ZPos": 1408,
                        "Type": "Model",
                        "Resources": {
                            "ModelResource": {
                                "XRotation": 0,
                                "YRotation": 0,
                                "ZRotation": 0,
                                "ModelIndex": 5,
                                "TriggerFlag_StartingLock": 0,
                                "SoundIndex": 0,
                                "ActionResource": {
                                    "Position": 0,
                                    "Axis": 0,
                                    "Duration": 0,
                                    "Magnitude": 0,
                                    "NextObjectOffset": 0,
                                    "PreviousObjectOffset": -1,
                                    "NextObjectIndex": -1,
                                    "Flags": 0
                                }
                            }
                        }
                    },
                    {
                        "Position": 13544,
                        "Index": 1,
                        "XPos": 128,
                        "YPos": -384,
                        "ZPos": 1408,
                        "Type": "Flat",
                        "Resources": {
                            "FlatResource": {
                                "Position": 13569,
                                "TextureArchive": 199,
                                "TextureRecord": 16,
                                "Flags": 0,
                                "Magnitude": 30,
                                "SoundIndex": 3,
                                "FactionOrMobileId": 798,
                                "NextObjectOffset": 0,
                                "Action": 0
                            }
                        }
                    },
                    {
                        "Position": 13508,
                        "Index": 2,
                        "XPos": 896,
                        "YPos": -576,
                        "ZPos": 1216,
                        "Type": "Flat",
                        "Resources": {
                            "FlatResource": {
                                "Position": 13533,
                                "TextureArchive": 199,
                                "TextureRecord": 16,
                                "Flags": 0,
                                "Magnitude": 18,
                                "SoundIndex": 2,
                                "FactionOrMobileId": 530,
                                "NextObjectOffset": -2,
                                "Action": 0
                            }
                        }
                    },
                    {
                        "Position": 13472,
                        "Index": 3,
                        "XPos": 768,
                        "YPos": -576,
                        "ZPos": 1088,
                        "Type": "Flat",
                        "Resources": {
                            "FlatResource": {
                                "Position": 13497,
                                "TextureArchive": 199,
                                "TextureRecord": 16,
                                "Flags": 0,
                                "Magnitude": 18,
                                "SoundIndex": 2,
                                "FactionOrMobileId": 530,
                                "NextObjectOffset": -2,
                                "Action": 0
                            }
                        }
                    },
                    {
                        "Position": 13244,
                        "Index": 4,
                        "XPos": 896,
                        "YPos": -512,
                        "ZPos": 1216,
                        "Type": "Model",
                        "Resources": {
                            "ModelResource": {
                                "XRotation": 0,
                                "YRotation": -4608,
                                "ZRotation": 0,
                                "ModelIndex": 2,
                                "TriggerFlag_StartingLock": 0,
                                "SoundIndex": 0,
                                "ActionResource": {
                                    "Position": 0,
                                    "Axis": 0,
                                    "Duration": 0,
                                    "Magnitude": 0,
                                    "NextObjectOffset": 0,
                                    "PreviousObjectOffset": -1,
                                    "NextObjectIndex": -1,
                                    "Flags": 0
                                }
                            }
                        }
                    },
                    {
                        "Position": 13148,
                        "Index": 5,
                        "XPos": 768,
                        "YPos": -512,
                        "ZPos": 1088,
                        "Type": "Model",
                        "Resources": {
                            "ModelResource": {
                                "XRotation": 0,
                                "YRotation": -3072,
                                "ZRotation": 0,
                                "ModelIndex": 2,
                                "TriggerFlag_StartingLock": 0,
                                "SoundIndex": 0,
                                "ActionResource": {
                                    "Position": 0,
                                    "Axis": 0,
                                    "Duration": 0,
                                    "Magnitude": 0,
                                    "NextObjectOffset": 0,
                                    "PreviousObjectOffset": -1,
                                    "NextObjectIndex": -1,
                                    "Flags": 0
                                }
                            }
                        }
                    },
                    {
                        "Position": 12956,
                        "Index": 6,
                        "XPos": 128,
                        "YPos": -512,
                        "ZPos": 1408,
                        "Type": "Model",
                        "Resources": {
                            "ModelResource": {
                                "XRotation": 0,
                                "YRotation": 512,
                                "ZRotation": 0,
                                "ModelIndex": 1,
                                "TriggerFlag_StartingLock": 0,
                                "SoundIndex": 0,
                                "ActionResource": {
                                    "Position": 0,
                                    "Axis": 0,
                                    "Duration": 0,
                                    "Magnitude": 0,
                                    "NextObjectOffset": 0,
                                    "PreviousObjectOffset": -1,
                                    "NextObjectIndex": -1,
                                    "Flags": 0
                                }
                            }
                        }
                    },
                    {
                        "Position": 12908,
                        "Index": 7,
                        "XPos": 384,
                        "YPos": -512,
                        "ZPos": 1408,
                        "Type": "Model",
                        "Resources": {
                            "ModelResource": {
                                "XRotation": 0,
                                "YRotation": 512,
                                "ZRotation": 0,
                                "ModelIndex": 1,
                                "TriggerFlag_StartingLock": 0,
                                "SoundIndex": 0,
                                "ActionResource": {
                                    "Position": 0,
                                    "Axis": 0,
                                    "Duration": 0,
                                    "Magnitude": 0,
                                    "NextObjectOffset": 0,
                                    "PreviousObjectOffset": -1,
                                    "NextObjectIndex": -1,
                                    "Flags": 0
                                }
                            }
                        }
                    },
                    {
                        "Position": 12860,
                        "Index": 8,
                        "XPos": 640,
                        "YPos": -512,
                        "ZPos": 1408,
                        "Type": "Model",
                        "Resources": {
                            "ModelResource": {
                                "XRotation": 0,
                                "YRotation": 512,
                                "ZRotation": 0,
                                "ModelIndex": 1,
                                "TriggerFlag_StartingLock": 0,
                                "SoundIndex": 0,
                                "ActionResource": {
                                    "Position": 0,
                                    "Axis": 0,
                                    "Duration": 0,
                                    "Magnitude": 0,
                                    "NextObjectOffset": 0,
                                    "PreviousObjectOffset": -1,
                                    "NextObjectIndex": -1,
                                    "Flags": 0
                                }
                            }
                        }
                    },
                    {
                        "Position": 12812,
                        "Index": 9,
                        "XPos": 896,
                        "YPos": -512,
                        "ZPos": 1408,
                        "Type": "Model",
                        "Resources": {
                            "ModelResource": {
                                "XRotation": 0,
                                "YRotation": 512,
                                "ZRotation": 0,
                                "ModelIndex": 1,
                                "TriggerFlag_StartingLock": 0,
                                "SoundIndex": 0,
                                "ActionResource": {
                                    "Position": 0,
                                    "Axis": 0,
                                    "Duration": 0,
                                    "Magnitude": 0,
                                    "NextObjectOffset": 0,
                                    "PreviousObjectOffset": -1,
                                    "NextObjectIndex": -1,
                                    "Flags": 0
                                }
                            }
                        }
                    }
                ]
            },
            {
                "RdbObjects": [
                    {
                        "Position": 13892,
                        "Index": 0,
                        "XPos": 1028,
                        "YPos": -553,
                        "ZPos": 1088,
                        "Type": "Light",
                        "Resources": {
                            "LightResource": {
                                "Unknown1": 16,
                                "Unknown2": 0,
                                "Radius": 100
                            }
                        }
                    },
                    {
                        "Position": 13856,
                        "Index": 1,
                        "XPos": 1033,
                        "YPos": -539,
                        "ZPos": 1086,
                        "Type": "Flat",
                        "Resources": {
                            "FlatResource": {
                                "Position": 13881,
                                "TextureArchive": 210,
                                "TextureRecord": 0,
                                "Flags": 0,
                                "Magnitude": 0,
                                "SoundIndex": 0,
                                "FactionOrMobileId": 0,
                                "NextObjectOffset": 0,
                                "Action": 0
                            }
                        }
                    },
                    {
                        "Position": 12238,
                        "Index": 2,
                        "XPos": 1152,
                        "YPos": -512,
                        "ZPos": 1408,
                        "Type": "Model",
                        "Resources": {
                            "ModelResource": {
                                "XRotation": 0,
                                "YRotation": 512,
                                "ZRotation": 0,
                                "ModelIndex": 4,
                                "TriggerFlag_StartingLock": 0,
                                "SoundIndex": 0,
                                "ActionResource": {
                                    "Position": 0,
                                    "Axis": 0,
                                    "Duration": 0,
                                    "Magnitude": 0,
                                    "NextObjectOffset": 0,
                                    "PreviousObjectOffset": -1,
                                    "NextObjectIndex": -1,
                                    "Flags": 0
                                }
                            }
                        }
                    },
                    {
                        "Position": 12668,
                        "Index": 3,
                        "XPos": 1024,
                        "YPos": -512,
                        "ZPos": 1088,
                        "Type": "Model",
                        "Resources": {
                            "ModelResource": {
                                "XRotation": 0,
                                "YRotation": -7168,
                                "ZRotation": 0,
                                "ModelIndex": 3,
                                "TriggerFlag_StartingLock": 0,
                                "SoundIndex": 0,
                                "ActionResource": {
                                    "Position": 0,
                                    "Axis": 0,
                                    "Duration": 0,
                                    "Magnitude": 0,
                                    "NextObjectOffset": 0,
                                    "PreviousObjectOffset": -1,
                                    "NextObjectIndex": -1,
                                    "Flags": 0
                                }
                            }
                        }
                    }
                ]
            },
            {
                "RdbObjects": null
            },
            {
                "RdbObjects": null
            },
            {
                "RdbObjects": null
            },
            {
                "RdbObjects": null
            },
            {
                "RdbObjects": null
            },
            {
                "RdbObjects": null
            },
            {
                "RdbObjects": null
            },
            {
                "RdbObjects": null
            },
            {
                "RdbObjects": null
            },
            {
                "RdbObjects": null
            }
        ]
    },
    "RdiBlock": {
        "Data": null
    }
}